maxIter;numCand;numCandInit;randNewSol;convergDetect;stopFitValue;pctParentsCross;pctMut;pctElitism;w_alpha;w_beta;w_gamma;w_delta;w_omega;w_sigma;w_pi;w_rho
20;50;1000;100;500;0.9;100;90;100;1.0;3.0;2.0;3.0;2.0;1.5;1.0;1.3

Best solutions found:;[0, 1]
Index/Fit:;0;0.557426363124494

index;sName;pName
1;PRÁTICA AVANÇADA DE PROGRAMAÇÃO A;DIOGO SANTANA MARTINS
2;PROGRAMAÇÃO ORIENTADA A OBJETOS;ALEXANDRE NOMA
3;PROGRAMAÇÃO ORIENTADA A OBJETOS;CRISTIANE SATO
4;PARADIGMAS DE PROGRAMAÇÃO;ANDRÉ LUIZ BRANDÃO
5;ALGORITMOS E ESTRUTURAS DE DADOS I;CRISTIANE SATO
6;ALGORITMOS E ESTRUTURAS DE DADOS I;MIRTHA L. F. VENERO
7;TEORIA DOS GRAFOS;KARLA VITTORI
8;APRENDIZADO DE MÁQUINA;JERONIMO CORDONI PELLEGRINI
9;MINERAÇÃO DE DADOS;MARIO LESTON REY
10;CIRCUITOS DIGITAIS;CLÁUDIA JOSIMAR ABRÃO DE ARAÚJO
11;SISTEMAS OPERACIONAIS;FERNANDO TEUBL FERREIRA
12;REDES DE COMPUTADORES;CARLOS DA SILVA DOS SANTOS
13;REDES DE COMPUTADORES;FRANCISCO ZAMPIROLLI
14;PROGRAMAÇÃO MATEMÁTICA;DIOGO SANTANA MARTINS
15;ANÁLISE DE ALGORITMOS;DANIEL MORGATO MARTIN
16;PROGRAMAÇÃO ESTRUTURADA;DANIEL MORGATO MARTIN
17;PARADIGMAS DE PROGRAMAÇÃO;ANDRÉ BALAN
18;PARADIGMAS DE PROGRAMAÇÃO;ANDRÉ LUIZ BRANDÃO
19;MINERAÇÃO DE DADOS;JERONIMO CORDONI PELLEGRINI
20;MINERAÇÃO DE DADOS;ARITANAN GRUBER
21;SEGURANÇA DE DADOS;MIRTHA L. F. VENERO
22;SEGURANÇA DE DADOS;FABRICIO OLIVETTI DE FRANÇA
23;ALGORITMOS E ESTRUTURAS DE DADOS II;ANDRÉ LUIZ BRANDÃO
24;ALGORITMOS E ESTRUTURAS DE DADOS II;LETÍCIA RODRIGUES BUENO
25;SISTEMAS MULTIMÍDIA;DAVID CORREA MARTINS JR
26;WEB SEMÂNTICA;JERONIMO CORDONI PELLEGRINI
27;PROGRAMAÇÃO ESTRUTURADA;CLÁUDIA JOSIMAR ABRÃO DE ARAÚJO
28;PROGRAMAÇÃO ESTRUTURADA;JULIANA
29;ALGORITMOS E ESTRUTURAS DE DADOS II;FERNANDO TEUBL FERREIRA
30;ALGORITMOS E ESTRUTURAS DE DADOS II;MARIA DAS GRAÇAS BRUNO MARIETTO
31;ENGENHARIA DE SOFTWARE;JULIANA
32;SISTEMAS OPERACIONAIS;JOSÉ ARTUR QUILICI-GONZALEZ
33;SISTEMAS OPERACIONAIS;ANDRÉ LUIZ BRANDÃO
34;COMPILADORES;MONAEL
35;SISTEMAS DISTRIBUÍDOS;LUIS PAULO SCOTT
36;SISTEMAS DISTRIBUÍDOS;LETÍCIA RODRIGUES BUENO
37;CIRCUITOS DIGITAIS;JOAO PAULO GOIS
38;VIDA ARTIFICIAL NA COMPUTAÇÃO;FRANCISCO ZAMPIROLLI
39;VIDA ARTIFICIAL NA COMPUTAÇÃO;HARLEN COSTA BATAGELO
40;ANÁLISE DE ALGORITMOS;DAVID CORREA MARTINS JR
41;PROGRAMAÇÃO MATEMÁTICA;HARLEN COSTA BATAGELO
42;TEORIA DOS GRAFOS;MIRTHA L. F. VENERO
43;ARQUITETURA DE COMPUTADORES;FABRICIO OLIVETTI DE FRANÇA
44;ARQUITETURA DE COMPUTADORES;FRANCISCO ISIDRO MASSETTO
45;REDES DE COMPUTADORES;GUIOU KOBAYASHI
46;SISTEMAS OPERACIONAIS;FRANCISCO ISIDRO MASSETTO
47;SISTEMAS DISTRIBUÍDOS;GUSTAVO SOUSA PAVANI
48;COMPUTAÇÃO GRÁFICA;MARIO LESTON REY
49;LINGUAGENS FORMAIS E AUTOMATA;FRANCISCO JAVIER ROPERO PELÁEZ
50;LINGUAGENS FORMAIS E AUTOMATA;GORDANA MANIC
51;ALGORITMOS E ESTRUTURAS DE DADOS I;CESAR GIACOMINI PENTEADO
52;ALGORITMOS E ESTRUTURAS DE DADOS I;JERONIMO CORDONI PELLEGRINI
53;PROGRAMAÇÃO ESTRUTURADA;CESAR GIACOMINI PENTEADO
54;PROGRAMAÇÃO ESTRUTURADA;MARIA DAS GRAÇAS BRUNO MARIETTO
55;COMPUTAÇÃO GRÁFICA;ANDRÉ LUIZ BRANDÃO
56;COMPUTAÇÃO GRÁFICA;KARLA VITTORI
57;SISTEMAS DIGITAIS;FRANCISCO ZAMPIROLLI
58;SISTEMAS DIGITAIS;CRISTIANE SATO
59;SISTEMAS DIGITAIS;ARITANAN GRUBER
60;SISTEMAS DIGITAIS;LUIZ ROZANTE
61;PROGRAMAÇÃO ESTRUTURADA;FABRICIO OLIVETTI DE FRANÇA
62;PROGRAMAÇÃO ESTRUTURADA;JOAO PAULO GOIS
63;BANCO DE DADOS;FRANCISCO JAVIER ROPERO PELÁEZ
64;LABORATÓRIO DE ENGENHARIA DE SOFTWARE;CLÁUDIA JOSIMAR ABRÃO DE ARAÚJO
65;PARADIGMAS DE PROGRAMAÇÃO;GUSTAVO SOUSA PAVANI
66;BANCO DE DADOS DE APOIO À TOMADA DE DECISÃO;JULIANA
67;SISTEMAS MULTIAGENTES;ARITANAN GRUBER
68;COMPILADORES;DIOGO SANTANA MARTINS
69;COMPILADORES;FRANCISCO ISIDRO MASSETTO
70;PROGRAMAÇÃO ORIENTADA A OBJETOS;DANIEL MORGATO MARTIN
71;PROGRAMAÇÃO ORIENTADA A OBJETOS;ALEXANDRE NOMA
72;PROGRAMAÇÃO ORIENTADA A OBJETOS;LETÍCIA RODRIGUES BUENO
73;PROGRAMAÇÃO ORIENTADA A OBJETOS;FRANCISCO JAVIER ROPERO PELÁEZ
74;GESTÃO DE PROJETOS DE SOFTWARE;ALEXANDRE NOMA
75;PROGRAMAÇÃO PARA WEB;JOSÉ ARTUR QUILICI-GONZALEZ
76;PROGRAMAÇÃO PARALELA;HARLEN COSTA BATAGELO
77;ENGENHARIA DE SOFTWARE;JAIR DONADELLI
78;BANCO DE DADOS;ANDRÉ LUIZ BRANDÃO
79;BANCO DE DADOS;ARITANAN GRUBER
80;BANCO DE DADOS;ANDRÉ BALAN
81;INTELIGÊNCIA ARTIFICIAL;MARCIO KATSUMI OIKAWA
82;INTELIGÊNCIA ARTIFICIAL;DENISE GOYA
83;INTELIGÊNCIA ARTIFICIAL;CARLOS DA SILVA DOS SANTOS
84;INTELIGÊNCIA ARTIFICIAL;JOAO PAULO GOIS
85;COMPUTADORES, ÉTICA E SOCIEDADE;DANIEL MORGATO MARTIN
86;COMPUTADORES, ÉTICA E SOCIEDADE;CLÁUDIA JOSIMAR ABRÃO DE ARAÚJO
87;MINERAÇÃO DE DADOS;MIRTHA L. F. VENERO
88;INTELIGÊNCIA ARTIFICIAL;ANDRÉ LUIZ BRANDÃO
89;INTELIGÊNCIA ARTIFICIAL;FRANCISCO JAVIER ROPERO PELÁEZ
90;COMPUTAÇÃO EVOLUTIVA E CONEXIONISTA;ANDRÉ LUIZ BRANDÃO
91;SISTEMAS MULTI-ROBÔS SOCIAIS;ALEXANDRE NOMA

pName;numSubjects;notPref;notPeriod;isSabbath;notCampus;numI2;numI3;difCharge
1;ALEXANDRE NOMA;2;1;1;1;0;0;0;12.0
2;ANDRÉ BALAN;1;1;1;0;0;0;0;16.0
3;ANDRÉ LUIZ BRANDÃO;7;6;0;1;0;0;0;0.5
4;ARITANAN GRUBER;4;3;0;1;0;0;0;5.0
5;CARLOS DA SILVA DOS SANTOS;1;1;0;0;0;0;0;15.5
6;CESAR GIACOMINI PENTEADO;4;2;0;2;0;0;0;3.0
7;CLÁUDIA JOSIMAR ABRÃO DE ARAÚJO;4;4;2;2;0;0;0;5.0
8;CRISTIANE SATO;2;1;0;0;0;0;0;12.0
9;DANIEL MORGATO MARTIN;4;2;0;0;0;0;0;6.0
10;DAVID CORREA MARTINS JR;3;2;0;1;0;0;0;8.0
11;DENISE GOYA;1;1;0;0;0;0;0;16.0
12;DIOGO SANTANA MARTINS;3;3;0;1;0;0;0;9.0
13;FABRICIO OLIVETTI DE FRANÇA;2;1;2;0;0;0;0;10.0
14;FERNANDO TEUBL FERREIRA;4;2;0;0;0;0;0;5.0
15;FRANCISCO ISIDRO MASSETTO;3;1;2;1;0;0;0;6.0
16;FRANCISCO JAVIER ROPERO PELÁEZ;2;2;0;1;0;0;0;15.0
17;FRANCISCO ZAMPIROLLI;4;4;2;1;0;0;0;6.5
18;GORDANA MANIC;1;1;0;0;0;0;0;14.0
19;GUIOU KOBAYASHI;1;1;0;0;0;0;0;14.0
20;GUSTAVO SOUSA PAVANI;1;0;0;0;0;0;0;14.0
21;HARLEN COSTA BATAGELO;4;4;1;1;0;0;0;6.0
22;JAIR DONADELLI;3;2;0;0;0;0;0;7.0
23;JERONIMO CORDONI PELLEGRINI;4;4;3;0;0;0;0;3.0
24;JOAO PAULO GOIS;3;3;0;0;0;0;0;8.0
25;JOSÉ ARTUR QUILICI-GONZALEZ;1;0;0;0;0;0;0;16.5
26;JULIANA;4;3;2;1;0;0;0;6.0
27;KARLA VITTORI;2;2;1;1;0;0;0;10.0
28;LETÍCIA RODRIGUES BUENO;4;2;0;0;0;0;0;9.0
29;LUIS PAULO SCOTT;1;1;1;0;0;0;0;15.0
30;LUIZ ROZANTE;1;1;0;0;0;0;0;16.0
31;MARCIO KATSUMI OIKAWA;4;3;0;1;0;0;0;6.0
32;MARIA DAS GRAÇAS BRUNO MARIETTO;1;1;0;0;0;0;0;16.0
33;MARIO LESTON REY;1;1;0;1;0;0;0;14.0
34;MIRTHA L. F. VENERO;3;3;1;1;0;0;0;8.0
35;MONAEL;1;1;1;0;0;0;0;14.0
36;Total;91;70;20;18;0;0;0;347.0

sLevel;sCode;sName;sQuadri;sPeriod;sCampus;sCharge;sTimetableList;pName;pPeriod;pCharge;pQuadriSabbath;pPrefCampus;pPrefSubjQ1List;pPrefSubjQ2List;pPrefSubjQ3List;pPrefSubjLimList
G;DAMCZA038-17SA;PRÁTICA AVANÇADA DE PROGRAMAÇÃO A;Q3;DIURNO;SA;4;[['SEGUNDA', '08:00 ÀS 10:00', 'SEMANAL'], ['QUINTA', '10:00 ÀS 12:00', 'SEMANAL ']];DIOGO SANTANA MARTINS;NEGOCIÁVEL;18;Q2;SA;['ALGORITMOS E ESTRUTURAS DE DADOS I'];['PARADIGMAS DE PROGRAMAÇÃO', 'PROGRAMAÇÃO ORIENTADA A OBJETOS'];['ALGORITMOS E ESTRUTURAS DE DADOS II', 'PROGRAMAÇÃO ESTRUTURADA', 'BANCO DE DADOS'];['SISTEMAS MULTIMÍDIA', 'PROGRAMAÇÃO PARA WEB', 'WEB SEMÂNTICA', 'PROGRAMAÇÃO AVANÇADA PARA DISPOSITIVOS MÓVEIS', 'SISTEMAS DE GERENCIAMENTO DE BANCO DE DADOS', 'ANÁLISE DE PROJETO', 'INTERAÇÃO HUMANO-COMPUTADOR', 'BANCO DE DADOS DE APOIO À TOMADA DE DECISÃO', 'TÉCNICAS AVANÇADAS DE PROGRAMAÇÃO', 'SISTEMAS DE INFORMAÇÃO']
G;NA1MCTA018-13SA;PROGRAMAÇÃO ORIENTADA A OBJETOS;Q2;NOTURNO;SA;2;[['TERCA', '19:00 ÀS 21:00', 'SEMANAL '], ['QUINTA', '19:00 ÀS 21:00', 'SEMANAL ']];ALEXANDRE NOMA;NOTURNO;18;Q2;SA;['MATEMÁTICA DISCRETA'];['PROGRAMAÇÃO ORIENTADA A OBJETOS'];['TEORIA DOS GRAFOS'];['']
G;NA2MCTA018-13SA;PROGRAMAÇÃO ORIENTADA A OBJETOS;Q2;NOTURNO;SA;2;[['TERCA', '19:00 ÀS 21:00', 'SEMANAL '], ['QUINTA', '21:00 ÀS 23:00', 'SEMANAL ']];CRISTIANE SATO;NEGOCIÁVEL;18;NENHUM;SA;['LINGUAGENS FORMAIS E AUTOMATA', 'MATEMÁTICA DISCRETA', 'ALGORITMOS E ESTRUTURAS DE DADOS I'];['ANÁLISE DE ALGORITMOS', 'PARADIGMAS DE PROGRAMAÇÃO'];['PROGRAMAÇÃO ESTRUTURADA', 'ALGORITMOS E ESTRUTURAS DE DADOS II', 'TEORIA DOS GRAFOS', 'PROGRAMAÇÃO MATEMÁTICA'];['ALGORITMOS PROBABILÍSTICOS', 'ANALISE DE ALGORITMOS II', 'COMBINATÓRIA EXTREMAL', 'PRÁTICA AVANÇADA DE PROGRAMAÇÃO A', 'PRÁTICA AVANÇADA DE PROGRAMAÇÃO B', 'PRÁTICA AVANÇADA DE PROGRAMAÇÃO C', 'TÉCNICAS AVANÇADAS DE PROGRAMAÇÃO', 'TEORIA ESPECTRAL DE GRAFOS']
G;DAMCTA016-13SA;PARADIGMAS DE PROGRAMAÇÃO;Q2;DIURNO;SA;4;[['SEGUNDA', '10:00 ÀS 12:00', 'SEMANAL '], ['QUINTA', '08:00 ÀS 10:00', 'SEMANAL ']];ANDRÉ LUIZ BRANDÃO;NEGOCIÁVEL;18;Q2;SA;['INTERAÇÃO HUMANO-COMPUTADOR', 'ENGENHARIA DE SOFTWARE', 'INTRODUÇÃO A PROGRAMAÇÃO DE JOGOS'];['PROGRAMAÇÃO ORIENTADA A OBJETOS', 'INTERAÇÃO HUMANO-COMPUTADOR'];['INTERAÇÃO HUMANO-COMPUTADOR', 'COMPUTAÇÃO GRÁFICA'];['']
G;DA1MCTA001-13SA;ALGORITMOS E ESTRUTURAS DE DADOS I;Q1;DIURNO;SA;4;[['QUARTA', '08:00 ÀS 10:00', 'SEMANAL '], ['SEXTA', '08:00 ÀS 10:00', 'SEMANAL ']];CRISTIANE SATO;NEGOCIÁVEL;18;NENHUM;SA;['LINGUAGENS FORMAIS E AUTOMATA', 'MATEMÁTICA DISCRETA', 'ALGORITMOS E ESTRUTURAS DE DADOS I'];['ANÁLISE DE ALGORITMOS', 'PARADIGMAS DE PROGRAMAÇÃO'];['PROGRAMAÇÃO ESTRUTURADA', 'ALGORITMOS E ESTRUTURAS DE DADOS II', 'TEORIA DOS GRAFOS', 'PROGRAMAÇÃO MATEMÁTICA'];['ALGORITMOS PROBABILÍSTICOS', 'ANALISE DE ALGORITMOS II', 'COMBINATÓRIA EXTREMAL', 'PRÁTICA AVANÇADA DE PROGRAMAÇÃO A', 'PRÁTICA AVANÇADA DE PROGRAMAÇÃO B', 'PRÁTICA AVANÇADA DE PROGRAMAÇÃO C', 'TÉCNICAS AVANÇADAS DE PROGRAMAÇÃO', 'TEORIA ESPECTRAL DE GRAFOS']
G;DA2MCTA001-13SA;ALGORITMOS E ESTRUTURAS DE DADOS I;Q1;DIURNO;SA;4;[['QUARTA', '08:00 ÀS 10:00', 'SEMANAL '], ['SEXTA', '10:00 ÀS 12:00', 'SEMANAL ']];MIRTHA L. F. VENERO;DIURNO;18;Q2;SA;['ALGORITMOS E ESTRUTURAS DE DADOS I', 'LINGUAGENS FORMAIS E AUTOMATA'];['COMPILADORES', 'PROGRAMAÇÃO ORIENTADA A OBJETOS', 'PARADIGMAS DE PROGRAMAÇÃO', 'ANÁLISE DE ALGORITMOS'];['LÓGICA BÁSICA', 'ALGORITMOS E ESTRUTURAS DE DADOS II', 'PROGRAMAÇÃO ESTRUTURADA'];['LÓGICAS NÃO CLÁSSICAS', 'SEMÂNTICA DE LINGUAGEM DE PROGRAMAÇÃO']
G;DAMCTA027-17SA;TEORIA DOS GRAFOS;Q3;DIURNO;SA;4;[['QUARTA', '10:00 ÀS 12:00', 'SEMANAL'], ['SEXTA', '08:00 ÀS 10:00', 'SEMANAL ']];KARLA VITTORI;NOTURNO;18;Q2;SA;[''];['COMPUTADORES, ÉTICA E SOCIEDADE'];[''];['VIDA ARTIFICIAL NA COMPUTAÇÃO']
G;NAMCZA002-13SA;APRENDIZADO DE MÁQUINA;Q1;NOTURNO;SA;4;[['SEGUNDA', '21:00 ÀS 23:00', 'SEMANAL'], ['QUINTA', '19:00 ÀS 21:00', 'SEMANAL ']];JERONIMO CORDONI PELLEGRINI;DIURNO;18;Q3;SA;['MATEMÁTICA DISCRETA', 'LINGUAGENS FORMAIS E AUTOMATA'];['PARADIGMAS DE PROGRAMAÇÃO'];['PROGRAMAÇÃO MATEMÁTICA', 'TEORIA DOS GRAFOS'];['SEMÂNTICA DE LINGUAGEM DE PROGRAMAÇÃO']
G;NA1MCZA015-13SA;MINERAÇÃO DE DADOS;Q2;NOTURNO;SA;1;[['TERCA', '21:00 ÀS 23:00', 'SEMANAL '], ['SEXTA', '19:00 ÀS 21:00', 'SEMANAL']];MARIO LESTON REY;NEGOCIÁVEL;18;Q3;SA;['LINGUAGENS FORMAIS E AUTOMATA', 'MATEMÁTICA DISCRETA', 'ALGORITMOS E ESTRUTURAS DE DADOS I', 'SISTEMAS OPERACIONAIS'];['PARADIGMAS DE PROGRAMAÇÃO', 'COMPILADORES', 'ANÁLISE DE ALGORITMOS', 'PROGRAMAÇÃO ORIENTADA A OBJETOS', 'SISTEMAS DISTRIBUÍDOS '];['PROGRAMAÇÃO MATEMÁTICA', 'TEORIA DOS GRAFOS', 'INTELIGÊNCIA ARTIFICIAL', 'LÓGICA BÁSICA', 'ALGORITMOS E ESTRUTURAS DE DADOS II', 'PROGRAMAÇÃO ESTRUTURADA', 'BANCO DE DADOS'];['ALGORITMOS PROBABILÍSTICOS', 'ANALISE DE ALGORITMOS II', 'LÓGICAS NÃO CLÁSSICAS', 'MÉTODOS DE OTIMIZAÇÃO', 'SEMÂNTICA DE LINGUAGEM DE PROGRAMAÇÃO']
G;DAMCTA006-13SA;CIRCUITOS DIGITAIS;Q1;DIURNO;SA;4;[['SEGUNDA', '10:00 ÀS 12:00', 'SEMANAL'], ['QUINTA', '08:00 ÀS 10:00', 'SEMANAL ']];CLÁUDIA JOSIMAR ABRÃO DE ARAÚJO;DIURNO;18;Q2;SA;['ENGENHARIA DE SOFTWARE', 'REDES DE COMPUTADORES'];['SISTEMAS DISTRIBUÍDOS'];['ARQUITETURA DE COMPUTADORES'];['']
G;NA1MCTA026-13SA;SISTEMAS OPERACIONAIS;Q1;NOTURNO;SA;1;[['SEGUNDA', '21:00 ÀS 23:00', 'SEMANAL '], ['QUINTA', '19:00 ÀS 21:00', 'SEMANAL ']];FERNANDO TEUBL FERREIRA;NEGOCIÁVEL;18;Q2;SA;['SISTEMAS OPERACIONAIS', 'ALGORITMOS E ESTRUTURAS DE DADOS I'];['ANÁLISE DE ALGORITMOS', 'PROGRAMAÇÃO ORIENTADA A OBJETOS', 'SISTEMAS DIGITAIS', 'SISTEMAS DISTRIBUÍDOS'];['ARQUITETURA DE COMPUTADORES', 'ALGORITMOS E ESTRUTURAS DE DADOS II', 'COMPUTAÇÃO GRÁFICA', 'LÓGICA BÁSICA'];['ANALISE DE ALGORITMOS II', 'LABORATÓRIO DE SISTEMAS OPERACIONAIS', 'PROCESSAMENTO DIGITAL DE IMAGENS', 'VISÃO COMPUTACIONAL']
G;NA3MCTA022-13SA;REDES DE COMPUTADORES;Q1;NOTURNO;SA;2,5;[['SEGUNDA', '19:00 ÀS 21:00', 'SEMANAL'], ['QUARTA', '21:00 ÀS 23:00', 'QUINZENAL I'], ['QUARTA', '21:00 ÀS 23:00', 'QUINZENAL II']];CARLOS DA SILVA DOS SANTOS;NEGOCIÁVEL;18;Q3;SA;['ALGORITMOS E ESTRUTURAS DE DADOS I', 'MATEMÁTICA DISCRETA'];['PROGRAMAÇÃO ORIENTADA A OBJETOS', 'PARADIGMAS DE PROGRAMAÇÃO'];['LÓGICA BÁSICA', 'PROGRAMAÇÃO ESTRUTURADA', 'INTELIGÊNCIA ARTIFICIAL'];['APRENDIZADO DE MÁQUINA', 'COMPUTAÇÃO EVOLUCIONISTA E CONEXIONISTA', 'MINERAÇÃO DE DADOS', 'PROCESSAMENTO DIGITAL DE IMAGENS', 'VISÃO COMPUTACIONAL']
G;NA4MCTA022-13SA;REDES DE COMPUTADORES;Q1;NOTURNO;SA;1,5;[['SEGUNDA', '19:00 ÀS 21:00', 'SEMANAL'], ['QUARTA', '21:00 ÀS 23:00', 'QUINZENAL I'], ['QUARTA', '21:00 ÀS 23:00', 'QUINZENAL II']];FRANCISCO ZAMPIROLLI;NOTURNO;18;Q2;SA;['ALGORITMOS E ESTRUTURAS DE DADOS I', 'ENGENHARIA DE SOFTWARE'];['PROGRAMAÇÃO ORIENTADA A OBJETOS'];['PROGRAMAÇÃO ESTRUTURADA', 'ALGORITMOS E ESTRUTURAS DE DADOS II'];['PROCESSAMENTO DIGITAL DE IMAGENS', 'PROCESSAMENTO DE IMAGENS UTILIZANDO GPU', 'VISÃO COMPUTACIONAL']
G;DAMCTA017-17SA;PROGRAMAÇÃO MATEMÁTICA;Q3;DIURNO;SA;4;[['QUARTA', '10:00 ÀS 12:00', 'QUINZENAL I'], ['SEXTA', '08:00 ÀS 10:00', 'SEMANAL '], ['QUARTA', '10:00 ÀS 12:00', 'QUINZENAL II']];DIOGO SANTANA MARTINS;NEGOCIÁVEL;18;Q2;SA;['ALGORITMOS E ESTRUTURAS DE DADOS I'];['PARADIGMAS DE PROGRAMAÇÃO', 'PROGRAMAÇÃO ORIENTADA A OBJETOS'];['ALGORITMOS E ESTRUTURAS DE DADOS II', 'PROGRAMAÇÃO ESTRUTURADA', 'BANCO DE DADOS'];['SISTEMAS MULTIMÍDIA', 'PROGRAMAÇÃO PARA WEB', 'WEB SEMÂNTICA', 'PROGRAMAÇÃO AVANÇADA PARA DISPOSITIVOS MÓVEIS', 'SISTEMAS DE GERENCIAMENTO DE BANCO DE DADOS', 'ANÁLISE DE PROJETO', 'INTERAÇÃO HUMANO-COMPUTADOR', 'BANCO DE DADOS DE APOIO À TOMADA DE DECISÃO', 'TÉCNICAS AVANÇADAS DE PROGRAMAÇÃO', 'SISTEMAS DE INFORMAÇÃO']
G;DAMCTA003-17SA;ANÁLISE DE ALGORITMOS;Q2;DIURNO;SA;4;[['QUARTA', '08:00 ÀS 10:00', 'SEMANAL'], ['SEXTA', '10:00 ÀS 12:00', 'SEMANAL ']];DANIEL MORGATO MARTIN;NEGOCIÁVEL;18;Q1;SA;['ALGORITMOS E ESTRUTURAS DE DADOS I', 'MATEMÁTICA DISCRETA'];['ANÁLISE DE ALGORITMOS', 'COMPILADORES'];['PROGRAMAÇÃO ESTRUTURADA', 'TEORIA DOS GRAFOS', 'ALGORITMOS E ESTRUTURAS DE DADOS II'];['ALGORITMOS PROBABILÍSTICOS', 'ANALISE DE ALGORITMOS II', 'COMBINATÓRIA EXTREMAL', 'PRÁTICA AVANÇADA DE PROGRAMAÇÃO A', 'PRÁTICA AVANÇADA DE PROGRAMAÇÃO B', 'PRÁTICA AVANÇADA DE PROGRAMAÇÃO C', 'PROGRAMAÇÃO AVANÇADA PARA DISPOSITIVOS MÓVEIS', 'PROGRAMAÇÃO PARA WEB']
G;DBMCTA028-15SA;PROGRAMAÇÃO ESTRUTURADA;Q3;DIURNO;SA;4;[['QUARTA', '08:00 ÀS 10:00', 'SEMANAL '], ['QUARTA', '10:00 ÀS 12:00', 'SEMANAL ']];DANIEL MORGATO MARTIN;NEGOCIÁVEL;18;Q1;SA;['ALGORITMOS E ESTRUTURAS DE DADOS I', 'MATEMÁTICA DISCRETA'];['ANÁLISE DE ALGORITMOS', 'COMPILADORES'];['PROGRAMAÇÃO ESTRUTURADA', 'TEORIA DOS GRAFOS', 'ALGORITMOS E ESTRUTURAS DE DADOS II'];['ALGORITMOS PROBABILÍSTICOS', 'ANALISE DE ALGORITMOS II', 'COMBINATÓRIA EXTREMAL', 'PRÁTICA AVANÇADA DE PROGRAMAÇÃO A', 'PRÁTICA AVANÇADA DE PROGRAMAÇÃO B', 'PRÁTICA AVANÇADA DE PROGRAMAÇÃO C', 'PROGRAMAÇÃO AVANÇADA PARA DISPOSITIVOS MÓVEIS', 'PROGRAMAÇÃO PARA WEB']
G;NA1MCTA016-13SA;PARADIGMAS DE PROGRAMAÇÃO;Q2;NOTURNO;SA;2;[['SEGUNDA', '21:00 ÀS 23:00', 'SEMANAL '], ['QUINTA', '19:00 ÀS 21:00', 'SEMANAL']];ANDRÉ BALAN;DIURNO;18;Q3;SA;['ALGORITMOS E ESTRUTURAS DE DADOS I'];['PROGRAMAÇÃO ORIENTADA A OBJETOS'];['PROGRAMAÇÃO ESTRUTURADA', 'BANCO DE DADOS', 'COMPUTAÇÃO GRÁFICA'];['PROCESSAMENTO DIGITAL DE IMAGENS']
G;NAMCTA016-13SA;PARADIGMAS DE PROGRAMAÇÃO;Q2;NOTURNO;SA;2;[['SEGUNDA', '21:00 ÀS 23:00', 'SEMANAL '], ['QUINTA', '19:00 ÀS 21:00', 'SEMANAL']];ANDRÉ LUIZ BRANDÃO;NEGOCIÁVEL;18;Q2;SA;['INTERAÇÃO HUMANO-COMPUTADOR', 'ENGENHARIA DE SOFTWARE', 'INTRODUÇÃO A PROGRAMAÇÃO DE JOGOS'];['PROGRAMAÇÃO ORIENTADA A OBJETOS', 'INTERAÇÃO HUMANO-COMPUTADOR'];['INTERAÇÃO HUMANO-COMPUTADOR', 'COMPUTAÇÃO GRÁFICA'];['']
G;NA1MCZA015-13SA;MINERAÇÃO DE DADOS;Q2;NOTURNO;SA;3;[['TERCA', '21:00 ÀS 23:00', 'SEMANAL '], ['SEXTA', '19:00 ÀS 21:00', 'SEMANAL']];JERONIMO CORDONI PELLEGRINI;DIURNO;18;Q3;SA;['MATEMÁTICA DISCRETA', 'LINGUAGENS FORMAIS E AUTOMATA'];['PARADIGMAS DE PROGRAMAÇÃO'];['PROGRAMAÇÃO MATEMÁTICA', 'TEORIA DOS GRAFOS'];['SEMÂNTICA DE LINGUAGEM DE PROGRAMAÇÃO']
G;NAMCZA015-13SA;MINERAÇÃO DE DADOS;Q2;NOTURNO;SA;1;[['TERCA', '21:00 ÀS 23:00', 'SEMANAL '], ['SEXTA', '19:00 ÀS 21:00', 'SEMANAL']];ARITANAN GRUBER;NEGOCIÁVEL;18;Q3;SA;['MATEMÁTICA DISCRETA', 'LINGUAGENS FORMAIS E AUTOMATA', 'ALGORITMOS E ESTRUTURAS DE DADOS I'];['ANÁLISE DE ALGORITMOS', 'ÁLGEBRA LINEAR', 'INTRODUÇÃO À PROBABILIDADE E ESTATÍSTICA', 'PARADIGMAS DE PROGRAMAÇÃO'];['PROGRAMAÇÃO MATEMÁTICA', 'TEORIA DOS GRAFOS', 'ALGORITMOS E ESTRUTURAS DE DADOS II', 'INTELIGÊNCIA ARTIFICIAL', 'LÓGICA BÁSICA'];['ALGORITMOS PROBABILÍSTICOS', 'ANALISE DE ALGORITMOS II', 'APRENDIZADO DE MÁQUINA', 'COMBINATÓRIA EXTREMAL', 'INTRODUÇÃO À MODELAGEM E PROCESSOS ESTOCÁSTICOS', 'MÉTODOS DE OTIMIZAÇÃO', 'TEORIA ESPECTRAL DE GRAFOS']
G;DAMCTA023-13SA;SEGURANÇA DE DADOS;Q1;DIURNO;SA;4;[['SEGUNDA', '08:00 ÀS 10:00', 'SEMANAL '], ['QUARTA', '10:00 ÀS 12:00', 'SEMANAL ']];MIRTHA L. F. VENERO;DIURNO;18;Q2;SA;['ALGORITMOS E ESTRUTURAS DE DADOS I', 'LINGUAGENS FORMAIS E AUTOMATA'];['COMPILADORES', 'PROGRAMAÇÃO ORIENTADA A OBJETOS', 'PARADIGMAS DE PROGRAMAÇÃO', 'ANÁLISE DE ALGORITMOS'];['LÓGICA BÁSICA', 'ALGORITMOS E ESTRUTURAS DE DADOS II', 'PROGRAMAÇÃO ESTRUTURADA'];['LÓGICAS NÃO CLÁSSICAS', 'SEMÂNTICA DE LINGUAGEM DE PROGRAMAÇÃO']
G;NAMCTA023-13SA;SEGURANÇA DE DADOS;Q1;NOTURNO;SA;4;[['SEGUNDA', '19:00 ÀS 21:00', 'SEMANAL '], ['QUARTA', '21:00 ÀS 23:00', 'SEMANAL ']];FABRICIO OLIVETTI DE FRANÇA;DIURNO;18;NENHUM;SA;['ALGORITMOS E ESTRUTURAS DE DADOS I'];['PARADIGMAS DE PROGRAMAÇÃO'];['PROGRAMAÇÃO ESTRUTURADA', 'ALGORITMOS E ESTRUTURAS DE DADOS II', 'INTELIGÊNCIA ARTIFICIAL'];['APRENDIZADO DE MÁQUINA', 'COMPUTAÇÃO EVOLUCIONISTA E CONEXIONISTA', 'MINERAÇÃO DE DADOS', 'PRÁTICA AVANÇADA DE PROGRAMAÇÃO A', 'PRÁTICA AVANÇADA DE PROGRAMAÇÃO B', 'PRÁTICA AVANÇADA DE PROGRAMAÇÃO C']
G;NA1MCTA002-17SA;ALGORITMOS E ESTRUTURAS DE DADOS II;Q3;NOTURNO;SA;2;[['TERCA', '21:00 ÀS 23:00', 'SEMANAL '], ['QUINTA', '19:00 ÀS 21:00', 'SEMANAL ']];ANDRÉ LUIZ BRANDÃO;NEGOCIÁVEL;18;Q2;SA;['INTERAÇÃO HUMANO-COMPUTADOR', 'ENGENHARIA DE SOFTWARE', 'INTRODUÇÃO A PROGRAMAÇÃO DE JOGOS'];['PROGRAMAÇÃO ORIENTADA A OBJETOS', 'INTERAÇÃO HUMANO-COMPUTADOR'];['INTERAÇÃO HUMANO-COMPUTADOR', 'COMPUTAÇÃO GRÁFICA'];['']
G;NAMCTA002-17SA;ALGORITMOS E ESTRUTURAS DE DADOS II;Q3;NOTURNO;SA;2;[['TERCA', '21:00 ÀS 23:00', 'SEMANAL '], ['QUINTA', '19:00 ÀS 21:00', 'SEMANAL ']];LETÍCIA RODRIGUES BUENO;NEGOCIÁVEL;18;Q1;SA;['ALGORITMOS E ESTRUTURAS DE DADOS I', 'LINGUAGENS FORMAIS E AUTOMATA'];['ANÁLISE DE ALGORITMOS', 'PROGRAMAÇÃO ORIENTADA A OBJETOS'];['PROGRAMAÇÃO ESTRUTURADA', 'ALGORITMOS E ESTRUTURAS DE DADOS II', 'TEORIA DOS GRAFOS'];['PROGRAMAÇÃO AVANÇADA PARA DISPOSITIVOS MÓVEIS', 'PROGRAMAÇÃO PARA WEB']
G;DAMCZA029-13SA;SISTEMAS MULTIMÍDIA;Q1;DIURNO;SA;4;[['TERCA', '08:00 ÀS 10:00', 'SEMANAL'], ['QUINTA', '10:00 ÀS 12:00', 'SEMANAL ']];DAVID CORREA MARTINS JR;NEGOCIÁVEL;18;Q1;SA;['ALGORITMOS E ESTRUTURAS DE DADOS I'];['ANÁLISE DE ALGORITMOS'];['PROGRAMAÇÃO ESTRUTURADA', 'ALGORITMOS E ESTRUTURAS DE DADOS II', 'TEORIA DOS GRAFOS', 'INTELIGÊNCIA ARTIFICIAL'];['APRENDIZADO DE MÁQUINA', 'INTRODUÇÃO À BIOINFORMÁTICA', 'MINERAÇÃO DE DADOS']
G;NAMCZA031-13SA;WEB SEMÂNTICA;Q1;NOTURNO;SA;4;[['TERCA', '19:00 ÀS 21:00', 'SEMANAL'], ['QUINTA', '21:00 ÀS 23:00', 'SEMANAL ']];JERONIMO CORDONI PELLEGRINI;DIURNO;18;Q3;SA;['MATEMÁTICA DISCRETA', 'LINGUAGENS FORMAIS E AUTOMATA'];['PARADIGMAS DE PROGRAMAÇÃO'];['PROGRAMAÇÃO MATEMÁTICA', 'TEORIA DOS GRAFOS'];['SEMÂNTICA DE LINGUAGEM DE PROGRAMAÇÃO']
G;DA1MCTA028-15SA;PROGRAMAÇÃO ESTRUTURADA;Q3;DIURNO;SA;3;[['QUARTA', '10:00 ÀS 12:00', 'SEMANAL '], ['SEXTA', '08:00 ÀS 10:00', 'SEMANAL ']];CLÁUDIA JOSIMAR ABRÃO DE ARAÚJO;DIURNO;18;Q2;SA;['ENGENHARIA DE SOFTWARE', 'REDES DE COMPUTADORES'];['SISTEMAS DISTRIBUÍDOS'];['ARQUITETURA DE COMPUTADORES'];['']
G;DA2MCTA028-15SA;PROGRAMAÇÃO ESTRUTURADA;Q3;DIURNO;SA;3;[['QUARTA', '10:00 ÀS 12:00', 'SEMANAL '], ['SEXTA', '10:00 ÀS 12:00', 'SEMANAL ']];JULIANA;DIURNO;18;Q1;SA;['ENGENHARIA DE SOFTWARE'];['COMPUTADORES, ÉTICA E SOCIEDADE'];['BANCO DE DADOS'];['ANÁLISE DE PROJETOS', 'GESTÃO DE PROJETOS DE SOFTWARE', 'INTERAÇÃO HUMANO-COMPUTADOR', 'LABORATÓRIO DE ENGENHARIA DE SOFTWARE', 'PROCESSO E DESENVOLVIMENTO DE SOFTWARES EDUCACIONAIS', 'PROJETO INTERDISCIPLINAR']
G;DAMCTA002-17SA;ALGORITMOS E ESTRUTURAS DE DADOS II;Q3;DIURNO;SA;4;[['TERCA', '10:00 ÀS 12:00', 'SEMANAL '], ['QUINTA', '08:00 ÀS 10:00', 'SEMANAL ']];FERNANDO TEUBL FERREIRA;NEGOCIÁVEL;18;Q2;SA;['SISTEMAS OPERACIONAIS', 'ALGORITMOS E ESTRUTURAS DE DADOS I'];['ANÁLISE DE ALGORITMOS', 'PROGRAMAÇÃO ORIENTADA A OBJETOS', 'SISTEMAS DIGITAIS', 'SISTEMAS DISTRIBUÍDOS'];['ARQUITETURA DE COMPUTADORES', 'ALGORITMOS E ESTRUTURAS DE DADOS II', 'COMPUTAÇÃO GRÁFICA', 'LÓGICA BÁSICA'];['ANALISE DE ALGORITMOS II', 'LABORATÓRIO DE SISTEMAS OPERACIONAIS', 'PROCESSAMENTO DIGITAL DE IMAGENS', 'VISÃO COMPUTACIONAL']
G;NA1MCTA002-17SA;ALGORITMOS E ESTRUTURAS DE DADOS II;Q3;NOTURNO;SA;2;[['TERCA', '21:00 ÀS 23:00', 'SEMANAL '], ['QUINTA', '19:00 ÀS 21:00', 'SEMANAL ']];MARIA DAS GRAÇAS BRUNO MARIETTO;NEGOCIÁVEL;18;Q2;SA;[''];[''];['LÓGICA BÁSICA'];['LÓGICAS NÃO CLÁSSICAS', 'SISTEMAS MULTIAGENTES', 'VIDA ARTIFICIAL NA COMPUTAÇÃO']
G;NAMCTA010-15SA;ENGENHARIA DE SOFTWARE;Q1;NOTURNO;SA;4;[['TERCA', '21:00 ÀS 23:00', 'SEMANAL'], ['SEXTA', '19:00 ÀS 21:00', 'SEMANAL ']];JULIANA;DIURNO;18;Q1;SA;['ENGENHARIA DE SOFTWARE'];['COMPUTADORES, ÉTICA E SOCIEDADE'];['BANCO DE DADOS'];['ANÁLISE DE PROJETOS', 'GESTÃO DE PROJETOS DE SOFTWARE', 'INTERAÇÃO HUMANO-COMPUTADOR', 'LABORATÓRIO DE ENGENHARIA DE SOFTWARE', 'PROCESSO E DESENVOLVIMENTO DE SOFTWARES EDUCACIONAIS', 'PROJETO INTERDISCIPLINAR']
G;NA1MCTA026-13SA;SISTEMAS OPERACIONAIS;Q1;NOTURNO;SA;1,5;[['SEGUNDA', '21:00 ÀS 23:00', 'SEMANAL '], ['QUINTA', '19:00 ÀS 21:00', 'SEMANAL ']];JOSÉ ARTUR QUILICI-GONZALEZ;NEGOCIÁVEL;18;NENHUM;SA;['CIRCUITOS DIGITAIS', 'SISTEMAS OPERACIONAIS'];['SISTEMAS DIGITAIS', 'COMPUTADORES, ÉTICA E SOCIEDADE'];['LÓGICA BÁSICA', 'ARQUITETURA DE COMPUTADORES'];['ANÁLISE DE PROJETOS', 'ARQUITETURA DE COMPUTADORES DE ALTO DESEMPENHO', 'LABORATÓRIO DE SISTEMAS OPERACIONAIS', 'LÓGICAS NÃO CLÁSSICAS', 'MINERAÇÃO DE DADOS']
G;NAMCTA026-13SA;SISTEMAS OPERACIONAIS;Q1;NOTURNO;SA;2,5;[['SEGUNDA', '21:00 ÀS 23:00', 'SEMANAL '], ['QUINTA', '19:00 ÀS 21:00', 'SEMANAL ']];ANDRÉ LUIZ BRANDÃO;NEGOCIÁVEL;18;Q2;SA;['INTERAÇÃO HUMANO-COMPUTADOR', 'ENGENHARIA DE SOFTWARE', 'INTRODUÇÃO A PROGRAMAÇÃO DE JOGOS'];['PROGRAMAÇÃO ORIENTADA A OBJETOS', 'INTERAÇÃO HUMANO-COMPUTADOR'];['INTERAÇÃO HUMANO-COMPUTADOR', 'COMPUTAÇÃO GRÁFICA'];['']
G;NAMCTA007-17SA;COMPILADORES;Q2;NOTURNO;SA;4;[['SEGUNDA', '19:00 ÀS 21:00', 'SEMANAL '], ['QUARTA', '21:00 ÀS 23:00', 'SEMANAL ']];MONAEL;DIURNO;18;Q3;SA;['ALGORITMOS E ESTRUTURAS DE DADOS I'];['PROGRAMAÇÃO ORIENTADA A OBJETOS'];['LÓGICA BÁSICA', 'PROGRAMAÇÃO ESTRUTURADA', 'BANCO DE DADOS'];['']
G;NA1MCTA025-13SA;SISTEMAS DISTRIBUÍDOS;Q2;NOTURNO;SA;3;[['QUARTA', '19:00 ÀS 21:00', 'SEMANAL '], ['SEXTA', '19:00 ÀS 21:00', 'SEMANAL ']];LUIS PAULO SCOTT;DIURNO;18;Q3;SA;['LINGUAGENS FORMAIS E AUTOMATA', 'LÓGICA BÁSICA'];['PARADIGMAS DE PROGRAMAÇÃO', 'INTELIGÊNCIA ARTIFICIAL'];[''];['INTRODUÇÃO À BIOINFORMÁTICA']
G;NA2MCTA025-13SA;SISTEMAS DISTRIBUÍDOS;Q2;NOTURNO;SA;3;[['QUARTA', '19:00 ÀS 21:00', 'SEMANAL '], ['SEXTA', '21:00 ÀS 23:00', 'SEMANAL ']];LETÍCIA RODRIGUES BUENO;NEGOCIÁVEL;18;Q1;SA;['ALGORITMOS E ESTRUTURAS DE DADOS I', 'LINGUAGENS FORMAIS E AUTOMATA'];['ANÁLISE DE ALGORITMOS', 'PROGRAMAÇÃO ORIENTADA A OBJETOS'];['PROGRAMAÇÃO ESTRUTURADA', 'ALGORITMOS E ESTRUTURAS DE DADOS II', 'TEORIA DOS GRAFOS'];['PROGRAMAÇÃO AVANÇADA PARA DISPOSITIVOS MÓVEIS', 'PROGRAMAÇÃO PARA WEB']
G;NAMCTA006-13SA;CIRCUITOS DIGITAIS;Q1;NOTURNO;SA;4;[['SEGUNDA', '21:00 ÀS 23:00', 'SEMANAL'], ['QUINTA', '19:00 ÀS 21:00', 'SEMANAL ']];JOAO PAULO GOIS;NEGOCIÁVEL;18;Q2;SA;['MATEMÁTICA DISCRETA'];[''];['COMPUTAÇÃO GRÁFICA'];['INTERAÇÃO HUMANO-COMPUTADOR', 'INTRODUÇÃO À PROGRAMAÇÃO DE JOGOS', 'PROCESSAMENTO DIGITAL DE IMAGENS', 'VISÃO COMPUTACIONAL']
G;DAMCZA030-13SA;VIDA ARTIFICIAL NA COMPUTAÇÃO;Q1;DIURNO;SA;2;[['QUARTA', '08:00 ÀS 10:00', 'SEMANAL ']];FRANCISCO ZAMPIROLLI;NOTURNO;18;Q2;SA;['ALGORITMOS E ESTRUTURAS DE DADOS I', 'ENGENHARIA DE SOFTWARE'];['PROGRAMAÇÃO ORIENTADA A OBJETOS'];['PROGRAMAÇÃO ESTRUTURADA', 'ALGORITMOS E ESTRUTURAS DE DADOS II'];['PROCESSAMENTO DIGITAL DE IMAGENS', 'PROCESSAMENTO DE IMAGENS UTILIZANDO GPU', 'VISÃO COMPUTACIONAL']
G;NAMCZA030-13SA;VIDA ARTIFICIAL NA COMPUTAÇÃO;Q1;NOTURNO;SA;2;[['QUARTA', '19:00 ÀS 21:00', 'SEMANAL ']];HARLEN COSTA BATAGELO;NOTURNO;18;Q2;SA;[''];[''];['COMPUTAÇÃO GRÁFICA', 'ALGORITMOS E ESTRUTURAS DE DADOS II'];['INTRODUÇÃO À PROGRAMAÇÃO DE JOGOS', 'PROCESSAMENTO DIGITAL DE IMAGENS']
G;NAMCTA003-17SA;ANÁLISE DE ALGORITMOS;Q2;NOTURNO;SA;4;[['QUARTA', '19:00 ÀS 21:00', 'SEMANAL'], ['SEXTA', '21:00 ÀS 23:00', 'SEMANAL ']];DAVID CORREA MARTINS JR;NEGOCIÁVEL;18;Q1;SA;['ALGORITMOS E ESTRUTURAS DE DADOS I'];['ANÁLISE DE ALGORITMOS'];['PROGRAMAÇÃO ESTRUTURADA', 'ALGORITMOS E ESTRUTURAS DE DADOS II', 'TEORIA DOS GRAFOS', 'INTELIGÊNCIA ARTIFICIAL'];['APRENDIZADO DE MÁQUINA', 'INTRODUÇÃO À BIOINFORMÁTICA', 'MINERAÇÃO DE DADOS']
G;NAMCTA017-17SA;PROGRAMAÇÃO MATEMÁTICA;Q3;NOTURNO;SA;4;[['QUARTA', '21:00 ÀS 23:00', 'SEMANAL'], ['SEXTA', '19:00 ÀS 21:00', 'SEMANAL ']];HARLEN COSTA BATAGELO;NOTURNO;18;Q2;SA;[''];[''];['COMPUTAÇÃO GRÁFICA', 'ALGORITMOS E ESTRUTURAS DE DADOS II'];['INTRODUÇÃO À PROGRAMAÇÃO DE JOGOS', 'PROCESSAMENTO DIGITAL DE IMAGENS']
G;NAMCTA027-17SA;TEORIA DOS GRAFOS;Q3;NOTURNO;SA;4;[['QUARTA', '21:00 ÀS 23:00', 'SEMANAL'], ['SEXTA', '19:00 ÀS 21:00', 'SEMANAL ']];MIRTHA L. F. VENERO;DIURNO;18;Q2;SA;['ALGORITMOS E ESTRUTURAS DE DADOS I', 'LINGUAGENS FORMAIS E AUTOMATA'];['COMPILADORES', 'PROGRAMAÇÃO ORIENTADA A OBJETOS', 'PARADIGMAS DE PROGRAMAÇÃO', 'ANÁLISE DE ALGORITMOS'];['LÓGICA BÁSICA', 'ALGORITMOS E ESTRUTURAS DE DADOS II', 'PROGRAMAÇÃO ESTRUTURADA'];['LÓGICAS NÃO CLÁSSICAS', 'SEMÂNTICA DE LINGUAGEM DE PROGRAMAÇÃO']
G;DAMCTA004-17SA;ARQUITETURA DE COMPUTADORES;Q3;DIURNO;SA;4;[['TERCA', '08:00 ÀS 10:00', 'SEMANAL'], ['SEXTA', '10:00 ÀS 12:00', 'SEMANAL ']];FABRICIO OLIVETTI DE FRANÇA;DIURNO;18;NENHUM;SA;['ALGORITMOS E ESTRUTURAS DE DADOS I'];['PARADIGMAS DE PROGRAMAÇÃO'];['PROGRAMAÇÃO ESTRUTURADA', 'ALGORITMOS E ESTRUTURAS DE DADOS II', 'INTELIGÊNCIA ARTIFICIAL'];['APRENDIZADO DE MÁQUINA', 'COMPUTAÇÃO EVOLUCIONISTA E CONEXIONISTA', 'MINERAÇÃO DE DADOS', 'PRÁTICA AVANÇADA DE PROGRAMAÇÃO A', 'PRÁTICA AVANÇADA DE PROGRAMAÇÃO B', 'PRÁTICA AVANÇADA DE PROGRAMAÇÃO C']
G;NAMCTA004-17SA;ARQUITETURA DE COMPUTADORES;Q3;NOTURNO;SA;4;[['TERCA', '19:00 ÀS 21:00', 'SEMANAL'], ['SEXTA', '21:00 ÀS 23:00', 'SEMANAL ']];FRANCISCO ISIDRO MASSETTO;DIURNO;18;Q3;SA;['SISTEMAS OPERACIONAIS'];['SISTEMAS DISTRIBUÍDOS', 'COMPILADORES'];[''];['INTRODUÇÃO À PROGRAMAÇÃO DE JOGOS', 'PROGRAMAÇÃO AVANÇADA PARA DISPOSITIVOS MÓVEIS']
G;DA1MCTA022-13SA;REDES DE COMPUTADORES;Q1;DIURNO;SA;4;[['SEGUNDA', '08:00 ÀS 10:00', 'SEMANAL'], ['QUARTA', '10:00 ÀS 12:00', 'QUINZENAL I'], ['QUARTA', '10:00 ÀS 12:00', 'QUINZENAL II']];GUIOU KOBAYASHI;NEGOCIÁVEL;18;Q2;SA;['ENGENHARIA DE SOFTWARE'];['COMPUTADORES, ÉTICA E SOCIEDADE'];['ARQUITETURA DE COMPUTADORES'];['ARQUITETURA DE COMPUTADORES DE ALTO DESEMPENHO', 'GESTÃO DE PROJETOS DE SOFTWARE', 'PROJETO INTERDISCIPLINAR', 'SISTEMAS DE INFORMAÇÃO']
G;DAMCTA026-13SA;SISTEMAS OPERACIONAIS;Q1;DIURNO;SA;4;[['SEGUNDA', '10:00 ÀS 12:00', 'SEMANAL '], ['QUINTA', '08:00 ÀS 10:00', 'SEMANAL ']];FRANCISCO ISIDRO MASSETTO;DIURNO;18;Q3;SA;['SISTEMAS OPERACIONAIS'];['SISTEMAS DISTRIBUÍDOS', 'COMPILADORES'];[''];['INTRODUÇÃO À PROGRAMAÇÃO DE JOGOS', 'PROGRAMAÇÃO AVANÇADA PARA DISPOSITIVOS MÓVEIS']
G;DAMCTA025-13SA;SISTEMAS DISTRIBUÍDOS;Q2;DIURNO;SA;4;[['QUARTA', '08:00 ÀS 10:00', 'SEMANAL '], ['SEXTA', '10:00 ÀS 12:00', 'SEMANAL ']];GUSTAVO SOUSA PAVANI;DIURNO;18;NENHUM;SA;['REDES DE COMPUTADORES', 'SISTEMAS OPERACIONAIS'];['SISTEMAS DISTRIBUÍDOS'];['ARQUITETURA DE COMPUTADORES', 'ALGORITMOS E ESTRUTURAS DE DADOS II'];['REDES SEM FIO', 'VIDA ARTIFICIAL NA COMPUTAÇÃO', ' LABORATÓRIO DE REDES']
G;NA1MCTA008-17SA;COMPUTAÇÃO GRÁFICA;Q3;NOTURNO;SA;4;[['TERCA', '21:00 ÀS 23:00', 'SEMANAL'], ['QUINTA', '19:00 ÀS 21:00', 'SEMANAL ']];MARIO LESTON REY;NEGOCIÁVEL;18;Q3;SA;['LINGUAGENS FORMAIS E AUTOMATA', 'MATEMÁTICA DISCRETA', 'ALGORITMOS E ESTRUTURAS DE DADOS I', 'SISTEMAS OPERACIONAIS'];['PARADIGMAS DE PROGRAMAÇÃO', 'COMPILADORES', 'ANÁLISE DE ALGORITMOS', 'PROGRAMAÇÃO ORIENTADA A OBJETOS', 'SISTEMAS DISTRIBUÍDOS '];['PROGRAMAÇÃO MATEMÁTICA', 'TEORIA DOS GRAFOS', 'INTELIGÊNCIA ARTIFICIAL', 'LÓGICA BÁSICA', 'ALGORITMOS E ESTRUTURAS DE DADOS II', 'PROGRAMAÇÃO ESTRUTURADA', 'BANCO DE DADOS'];['ALGORITMOS PROBABILÍSTICOS', 'ANALISE DE ALGORITMOS II', 'LÓGICAS NÃO CLÁSSICAS', 'MÉTODOS DE OTIMIZAÇÃO', 'SEMÂNTICA DE LINGUAGEM DE PROGRAMAÇÃO']
G;DAMCTA015-13SA;LINGUAGENS FORMAIS E AUTOMATA;Q1;DIURNO;SA;4;[['TERCA', '08:00 ÀS 10:00', 'SEMANAL'], ['QUINTA', '10:00 ÀS 12:00', 'SEMANAL ']];FRANCISCO JAVIER ROPERO PELÁEZ;NEGOCIÁVEL;18;Q2;SA;['CIRCUITOS DIGITAIS'];[''];['COMPUTAÇÃO EVOLUTIVA E CONEXIONISTA'];['APRENDIZADO DE MÁQUINA', 'COMPUTAÇÃO EVOLUCIONISTA E CONEXIONISTA', 'VIDA ARTIFICIAL NA COMPUTAÇÃO']
G;NAMCTA015-13SA;LINGUAGENS FORMAIS E AUTOMATA;Q1;NOTURNO;SA;4;[['TERCA', '19:00 ÀS 21:00', 'SEMANAL'], ['QUINTA', '21:00 ÀS 23:00', 'SEMANAL ']];GORDANA MANIC;NOTURNO;18;NENHUM;SA;['ALGORITMOS E ESTRUTURAS DE DADOS I', 'MATEMÁTICA DISCRETA'];['ANÁLISE DE ALGORITMOS', 'INTRODUÇÃO À PROBABILIDADE E ESTATÍSTICA'];['TEORIA DOS GRAFOS', 'PROGRAMAÇÃO MATEMÁTICA', 'INTRODUÇÃO À PROBABILIDADE E ESTATÍSTICA'];['MÉTODOS DE OTIMIZAÇÃO']
G;NA1MCTA001-13SA;ALGORITMOS E ESTRUTURAS DE DADOS I;Q1;NOTURNO;SA;4;[['QUARTA', '19:00 ÀS 21:00', 'SEMANAL '], ['SEXTA', '19:00 ÀS 21:00', 'SEMANAL ']];CESAR GIACOMINI PENTEADO;NEGOCIÁVEL;18;Q3;SA;['CIRCUITOS DIGITAIS', 'SISTEMAS OPERACIONAIS', 'ALGORITMOS E ESTRUTURAS DE DADOS I'];['SISTEMAS DIGITAIS'];[''];['ARQUITETURA DE COMPUTADORES DE ALTO DESEMPENHO']
G;NA2MCTA001-13SA;ALGORITMOS E ESTRUTURAS DE DADOS I;Q1;NOTURNO;SA;4;[['QUARTA', '19:00 ÀS 21:00', 'SEMANAL '], ['SEXTA', '21:00 ÀS 23:00', 'SEMANAL ']];JERONIMO CORDONI PELLEGRINI;DIURNO;18;Q3;SA;['MATEMÁTICA DISCRETA', 'LINGUAGENS FORMAIS E AUTOMATA'];['PARADIGMAS DE PROGRAMAÇÃO'];['PROGRAMAÇÃO MATEMÁTICA', 'TEORIA DOS GRAFOS'];['SEMÂNTICA DE LINGUAGEM DE PROGRAMAÇÃO']
G;NA1MCTA028-15SA;PROGRAMAÇÃO ESTRUTURADA;Q3;NOTURNO;SA;3;[['QUARTA', '19:00 ÀS 21:00', 'SEMANAL '], ['QUARTA', '21:00 ÀS 23:00', 'SEMANAL ']];CESAR GIACOMINI PENTEADO;NEGOCIÁVEL;18;Q3;SA;['CIRCUITOS DIGITAIS', 'SISTEMAS OPERACIONAIS', 'ALGORITMOS E ESTRUTURAS DE DADOS I'];['SISTEMAS DIGITAIS'];[''];['ARQUITETURA DE COMPUTADORES DE ALTO DESEMPENHO']
G;NA2MCTA028-15SA;PROGRAMAÇÃO ESTRUTURADA;Q3;NOTURNO;SA;3;[['QUARTA', '19:00 ÀS 21:00', 'SEMANAL '], ['SEXTA', '21:00 ÀS 23:00', 'SEMANAL ']];MARIA DAS GRAÇAS BRUNO MARIETTO;NEGOCIÁVEL;18;Q2;SA;[''];[''];['LÓGICA BÁSICA'];['LÓGICAS NÃO CLÁSSICAS', 'SISTEMAS MULTIAGENTES', 'VIDA ARTIFICIAL NA COMPUTAÇÃO']
G;DAMCTA008-17SA;COMPUTAÇÃO GRÁFICA;Q3;DIURNO;SA;4;[['TERCA', '10:00 ÀS 12:00', 'SEMANAL'], ['QUINTA', '08:00 ÀS 10:00', 'SEMANAL ']];ANDRÉ LUIZ BRANDÃO;NEGOCIÁVEL;18;Q2;SA;['INTERAÇÃO HUMANO-COMPUTADOR', 'ENGENHARIA DE SOFTWARE', 'INTRODUÇÃO A PROGRAMAÇÃO DE JOGOS'];['PROGRAMAÇÃO ORIENTADA A OBJETOS', 'INTERAÇÃO HUMANO-COMPUTADOR'];['INTERAÇÃO HUMANO-COMPUTADOR', 'COMPUTAÇÃO GRÁFICA'];['']
G;NAMCTA008-17SA;COMPUTAÇÃO GRÁFICA;Q3;NOTURNO;SA;4;[['TERCA', '21:00 ÀS 23:00', 'SEMANAL'], ['QUINTA', '19:00 ÀS 21:00', 'SEMANAL ']];KARLA VITTORI;NOTURNO;18;Q2;SA;[''];['COMPUTADORES, ÉTICA E SOCIEDADE'];[''];['VIDA ARTIFICIAL NA COMPUTAÇÃO']
G;DA1MCTA024-13SA;SISTEMAS DIGITAIS;Q2;DIURNO;SA;4;[['SEGUNDA', '10:00 ÀS 12:00', 'SEMANAL '], ['QUINTA', '08:00 ÀS 10:00', 'SEMANAL ']];FRANCISCO ZAMPIROLLI;NOTURNO;18;Q2;SA;['ALGORITMOS E ESTRUTURAS DE DADOS I', 'ENGENHARIA DE SOFTWARE'];['PROGRAMAÇÃO ORIENTADA A OBJETOS'];['PROGRAMAÇÃO ESTRUTURADA', 'ALGORITMOS E ESTRUTURAS DE DADOS II'];['PROCESSAMENTO DIGITAL DE IMAGENS', 'PROCESSAMENTO DE IMAGENS UTILIZANDO GPU', 'VISÃO COMPUTACIONAL']
G;DA2MCTA024-13SA;SISTEMAS DIGITAIS;Q2;DIURNO;SA;2;[['SEGUNDA', '10:00 ÀS 12:00', 'SEMANAL '], ['QUINTA', '10:00 ÀS 12:00', 'SEMANAL ']];CRISTIANE SATO;NEGOCIÁVEL;18;NENHUM;SA;['LINGUAGENS FORMAIS E AUTOMATA', 'MATEMÁTICA DISCRETA', 'ALGORITMOS E ESTRUTURAS DE DADOS I'];['ANÁLISE DE ALGORITMOS', 'PARADIGMAS DE PROGRAMAÇÃO'];['PROGRAMAÇÃO ESTRUTURADA', 'ALGORITMOS E ESTRUTURAS DE DADOS II', 'TEORIA DOS GRAFOS', 'PROGRAMAÇÃO MATEMÁTICA'];['ALGORITMOS PROBABILÍSTICOS', 'ANALISE DE ALGORITMOS II', 'COMBINATÓRIA EXTREMAL', 'PRÁTICA AVANÇADA DE PROGRAMAÇÃO A', 'PRÁTICA AVANÇADA DE PROGRAMAÇÃO B', 'PRÁTICA AVANÇADA DE PROGRAMAÇÃO C', 'TÉCNICAS AVANÇADAS DE PROGRAMAÇÃO', 'TEORIA ESPECTRAL DE GRAFOS']
G;NA1MCTA024-13SA;SISTEMAS DIGITAIS;Q2;NOTURNO;SA;4;[['SEGUNDA', '21:00 ÀS 23:00', 'SEMANAL '], ['QUINTA', '19:00 ÀS 21:00', 'SEMANAL ']];ARITANAN GRUBER;NEGOCIÁVEL;18;Q3;SA;['MATEMÁTICA DISCRETA', 'LINGUAGENS FORMAIS E AUTOMATA', 'ALGORITMOS E ESTRUTURAS DE DADOS I'];['ANÁLISE DE ALGORITMOS', 'ÁLGEBRA LINEAR', 'INTRODUÇÃO À PROBABILIDADE E ESTATÍSTICA', 'PARADIGMAS DE PROGRAMAÇÃO'];['PROGRAMAÇÃO MATEMÁTICA', 'TEORIA DOS GRAFOS', 'ALGORITMOS E ESTRUTURAS DE DADOS II', 'INTELIGÊNCIA ARTIFICIAL', 'LÓGICA BÁSICA'];['ALGORITMOS PROBABILÍSTICOS', 'ANALISE DE ALGORITMOS II', 'APRENDIZADO DE MÁQUINA', 'COMBINATÓRIA EXTREMAL', 'INTRODUÇÃO À MODELAGEM E PROCESSOS ESTOCÁSTICOS', 'MÉTODOS DE OTIMIZAÇÃO', 'TEORIA ESPECTRAL DE GRAFOS']
G;NA2MCTA024-13SA;SISTEMAS DIGITAIS;Q2;NOTURNO;SA;2;[['SEGUNDA', '21:00 ÀS 23:00', 'SEMANAL '], ['QUINTA', '21:00 ÀS 23:00', 'SEMANAL ']];LUIZ ROZANTE;NEGOCIÁVEL;18;Q1;SA;['ALGORITMOS E ESTRUTURAS DE DADOS I'];['ANÁLISE DE ALGORITMOS'];['PROGRAMAÇÃO ESTRUTURADA'];['INTRODUÇÃO À BIOINFORMÁTICA', 'PROJETO INTERDISCIPLINAR']
G;NA3MCTA028-15SA;PROGRAMAÇÃO ESTRUTURADA;Q3;NOTURNO;SA;4;[['QUARTA', '21:00 ÀS 23:00', 'SEMANAL '], ['SEXTA', '19:00 ÀS 21:00', 'SEMANAL ']];FABRICIO OLIVETTI DE FRANÇA;DIURNO;18;NENHUM;SA;['ALGORITMOS E ESTRUTURAS DE DADOS I'];['PARADIGMAS DE PROGRAMAÇÃO'];['PROGRAMAÇÃO ESTRUTURADA', 'ALGORITMOS E ESTRUTURAS DE DADOS II', 'INTELIGÊNCIA ARTIFICIAL'];['APRENDIZADO DE MÁQUINA', 'COMPUTAÇÃO EVOLUCIONISTA E CONEXIONISTA', 'MINERAÇÃO DE DADOS', 'PRÁTICA AVANÇADA DE PROGRAMAÇÃO A', 'PRÁTICA AVANÇADA DE PROGRAMAÇÃO B', 'PRÁTICA AVANÇADA DE PROGRAMAÇÃO C']
G;NA4MCTA028-15SA;PROGRAMAÇÃO ESTRUTURADA;Q3;NOTURNO;SA;4;[['QUARTA', '21:00 ÀS 23:00', 'SEMANAL '], ['SEXTA', '21:00 ÀS 23:00', 'SEMANAL ']];JOAO PAULO GOIS;NEGOCIÁVEL;18;Q2;SA;['MATEMÁTICA DISCRETA'];[''];['COMPUTAÇÃO GRÁFICA'];['INTERAÇÃO HUMANO-COMPUTADOR', 'INTRODUÇÃO À PROGRAMAÇÃO DE JOGOS', 'PROCESSAMENTO DIGITAL DE IMAGENS', 'VISÃO COMPUTACIONAL']
G;NA1MCTA037-17SA;BANCO DE DADOS;Q3;NOTURNO;SA;1;[['SEGUNDA', '19:00 ÀS 21:00', 'SEMANAL'], ['QUINTA', '21:00 ÀS 23:00', 'QUINZENAL II'], ['QUINTA', '21:00 ÀS 23:00', 'QUINZENAL I']];FRANCISCO JAVIER ROPERO PELÁEZ;NEGOCIÁVEL;18;Q2;SA;['CIRCUITOS DIGITAIS'];[''];['COMPUTAÇÃO EVOLUTIVA E CONEXIONISTA'];['APRENDIZADO DE MÁQUINA', 'COMPUTAÇÃO EVOLUCIONISTA E CONEXIONISTA', 'VIDA ARTIFICIAL NA COMPUTAÇÃO']
G;DAMCZA010-13SA;LABORATÓRIO DE ENGENHARIA DE SOFTWARE;Q3;DIURNO;SA;4;[['TERCA', '08:00 ÀS 10:00', 'SEMANAL'], ['SEXTA', '10:00 ÀS 12:00', 'SEMANAL ']];CLÁUDIA JOSIMAR ABRÃO DE ARAÚJO;DIURNO;18;Q2;SA;['ENGENHARIA DE SOFTWARE', 'REDES DE COMPUTADORES'];['SISTEMAS DISTRIBUÍDOS'];['ARQUITETURA DE COMPUTADORES'];['']
G;NA1MCTA016-13SA;PARADIGMAS DE PROGRAMAÇÃO;Q2;NOTURNO;SA;2;[['SEGUNDA', '21:00 ÀS 23:00', 'SEMANAL '], ['QUINTA', '19:00 ÀS 21:00', 'SEMANAL']];GUSTAVO SOUSA PAVANI;DIURNO;18;NENHUM;SA;['REDES DE COMPUTADORES', 'SISTEMAS OPERACIONAIS'];['SISTEMAS DISTRIBUÍDOS'];['ARQUITETURA DE COMPUTADORES', 'ALGORITMOS E ESTRUTURAS DE DADOS II'];['REDES SEM FIO', 'VIDA ARTIFICIAL NA COMPUTAÇÃO', ' LABORATÓRIO DE REDES']
G;DAMCZA005-17SA;BANCO DE DADOS DE APOIO À TOMADA DE DECISÃO;Q2;DIURNO;SA;4;[['TERCA', '10:00 ÀS 12:00', 'SEMANAL '], ['SEXTA', '08:00 ÀS 10:00', 'SEMANAL ']];JULIANA;DIURNO;18;Q1;SA;['ENGENHARIA DE SOFTWARE'];['COMPUTADORES, ÉTICA E SOCIEDADE'];['BANCO DE DADOS'];['ANÁLISE DE PROJETOS', 'GESTÃO DE PROJETOS DE SOFTWARE', 'INTERAÇÃO HUMANO-COMPUTADOR', 'LABORATÓRIO DE ENGENHARIA DE SOFTWARE', 'PROCESSO E DESENVOLVIMENTO DE SOFTWARES EDUCACIONAIS', 'PROJETO INTERDISCIPLINAR']
G;NAMCZA028-13SA;SISTEMAS MULTIAGENTES;Q3;NOTURNO;SA;4;[['SEGUNDA', '21:00 ÀS 23:00', 'SEMANAL'], ['QUARTA', '19:00 ÀS 21:00', 'QUINZENAL I'], ['QUARTA', '19:00 ÀS 21:00', 'QUINZENAL II']];ARITANAN GRUBER;NEGOCIÁVEL;18;Q3;SA;['MATEMÁTICA DISCRETA', 'LINGUAGENS FORMAIS E AUTOMATA', 'ALGORITMOS E ESTRUTURAS DE DADOS I'];['ANÁLISE DE ALGORITMOS', 'ÁLGEBRA LINEAR', 'INTRODUÇÃO À PROBABILIDADE E ESTATÍSTICA', 'PARADIGMAS DE PROGRAMAÇÃO'];['PROGRAMAÇÃO MATEMÁTICA', 'TEORIA DOS GRAFOS', 'ALGORITMOS E ESTRUTURAS DE DADOS II', 'INTELIGÊNCIA ARTIFICIAL', 'LÓGICA BÁSICA'];['ALGORITMOS PROBABILÍSTICOS', 'ANALISE DE ALGORITMOS II', 'APRENDIZADO DE MÁQUINA', 'COMBINATÓRIA EXTREMAL', 'INTRODUÇÃO À MODELAGEM E PROCESSOS ESTOCÁSTICOS', 'MÉTODOS DE OTIMIZAÇÃO', 'TEORIA ESPECTRAL DE GRAFOS']
G;DAMCTA007-17SA;COMPILADORES;Q2;DIURNO;SA;4;[['SEGUNDA', '08:00 ÀS 10:00', 'SEMANAL '], ['QUARTA', '10:00 ÀS 12:00', 'SEMANAL ']];DIOGO SANTANA MARTINS;NEGOCIÁVEL;18;Q2;SA;['ALGORITMOS E ESTRUTURAS DE DADOS I'];['PARADIGMAS DE PROGRAMAÇÃO', 'PROGRAMAÇÃO ORIENTADA A OBJETOS'];['ALGORITMOS E ESTRUTURAS DE DADOS II', 'PROGRAMAÇÃO ESTRUTURADA', 'BANCO DE DADOS'];['SISTEMAS MULTIMÍDIA', 'PROGRAMAÇÃO PARA WEB', 'WEB SEMÂNTICA', 'PROGRAMAÇÃO AVANÇADA PARA DISPOSITIVOS MÓVEIS', 'SISTEMAS DE GERENCIAMENTO DE BANCO DE DADOS', 'ANÁLISE DE PROJETO', 'INTERAÇÃO HUMANO-COMPUTADOR', 'BANCO DE DADOS DE APOIO À TOMADA DE DECISÃO', 'TÉCNICAS AVANÇADAS DE PROGRAMAÇÃO', 'SISTEMAS DE INFORMAÇÃO']
G;NA1MCTA007-17SA;COMPILADORES;Q2;NOTURNO;SA;4;[['SEGUNDA', '19:00 ÀS 21:00', 'SEMANAL '], ['QUARTA', '21:00 ÀS 23:00', 'SEMANAL ']];FRANCISCO ISIDRO MASSETTO;DIURNO;18;Q3;SA;['SISTEMAS OPERACIONAIS'];['SISTEMAS DISTRIBUÍDOS', 'COMPILADORES'];[''];['INTRODUÇÃO À PROGRAMAÇÃO DE JOGOS', 'PROGRAMAÇÃO AVANÇADA PARA DISPOSITIVOS MÓVEIS']
G;DA1MCTA018-13SA;PROGRAMAÇÃO ORIENTADA A OBJETOS;Q2;DIURNO;SA;2;[['TERCA', '08:00 ÀS 10:00', 'SEMANAL '], ['QUINTA', '08:00 ÀS 10:00', 'SEMANAL ']];DANIEL MORGATO MARTIN;NEGOCIÁVEL;18;Q1;SA;['ALGORITMOS E ESTRUTURAS DE DADOS I', 'MATEMÁTICA DISCRETA'];['ANÁLISE DE ALGORITMOS', 'COMPILADORES'];['PROGRAMAÇÃO ESTRUTURADA', 'TEORIA DOS GRAFOS', 'ALGORITMOS E ESTRUTURAS DE DADOS II'];['ALGORITMOS PROBABILÍSTICOS', 'ANALISE DE ALGORITMOS II', 'COMBINATÓRIA EXTREMAL', 'PRÁTICA AVANÇADA DE PROGRAMAÇÃO A', 'PRÁTICA AVANÇADA DE PROGRAMAÇÃO B', 'PRÁTICA AVANÇADA DE PROGRAMAÇÃO C', 'PROGRAMAÇÃO AVANÇADA PARA DISPOSITIVOS MÓVEIS', 'PROGRAMAÇÃO PARA WEB']
G;DA2MCTA018-13SA;PROGRAMAÇÃO ORIENTADA A OBJETOS;Q2;DIURNO;SA;2;[['TERCA', '08:00 ÀS 10:00', 'SEMANAL '], ['QUINTA', '10:00 ÀS 12:00', 'SEMANAL ']];ALEXANDRE NOMA;NOTURNO;18;Q2;SA;['MATEMÁTICA DISCRETA'];['PROGRAMAÇÃO ORIENTADA A OBJETOS'];['TEORIA DOS GRAFOS'];['']
G;NA3MCTA018-13SA;PROGRAMAÇÃO ORIENTADA A OBJETOS;Q2;NOTURNO;SA;2;[['TERCA', '19:00 ÀS 21:00', 'SEMANAL '], ['QUINTA', '19:00 ÀS 21:00', 'SEMANAL ']];LETÍCIA RODRIGUES BUENO;NEGOCIÁVEL;18;Q1;SA;['ALGORITMOS E ESTRUTURAS DE DADOS I', 'LINGUAGENS FORMAIS E AUTOMATA'];['ANÁLISE DE ALGORITMOS', 'PROGRAMAÇÃO ORIENTADA A OBJETOS'];['PROGRAMAÇÃO ESTRUTURADA', 'ALGORITMOS E ESTRUTURAS DE DADOS II', 'TEORIA DOS GRAFOS'];['PROGRAMAÇÃO AVANÇADA PARA DISPOSITIVOS MÓVEIS', 'PROGRAMAÇÃO PARA WEB']
G;NA4MCTA018-13SA;PROGRAMAÇÃO ORIENTADA A OBJETOS;Q2;NOTURNO;SA;2;[['TERCA', '19:00 ÀS 21:00', 'SEMANAL '], ['QUINTA', '21:00 ÀS 23:00', 'SEMANAL ']];FRANCISCO JAVIER ROPERO PELÁEZ;NEGOCIÁVEL;18;Q2;SA;['CIRCUITOS DIGITAIS'];[''];['COMPUTAÇÃO EVOLUTIVA E CONEXIONISTA'];['APRENDIZADO DE MÁQUINA', 'COMPUTAÇÃO EVOLUCIONISTA E CONEXIONISTA', 'VIDA ARTIFICIAL NA COMPUTAÇÃO']
G;NAMCZA016-15SA;GESTÃO DE PROJETOS DE SOFTWARE;Q3;NOTURNO;SA;4;[['SEGUNDA', '19:00 ÀS 21:00', 'SEMANAL'], ['QUINTA', '21:00 ÀS 23:00', 'SEMANAL ']];ALEXANDRE NOMA;NOTURNO;18;Q2;SA;['MATEMÁTICA DISCRETA'];['PROGRAMAÇÃO ORIENTADA A OBJETOS'];['TEORIA DOS GRAFOS'];['']
G;DAMCZA019-17SA;PROGRAMAÇÃO PARA WEB;Q3;DIURNO;SA;4;[['QUARTA', '08:00 ÀS 10:00', 'SEMANAL '], ['SEGUNDA', '10:00 ÀS 12:00', 'SEMANAL ']];JOSÉ ARTUR QUILICI-GONZALEZ;NEGOCIÁVEL;18;NENHUM;SA;['CIRCUITOS DIGITAIS', 'SISTEMAS OPERACIONAIS'];['SISTEMAS DIGITAIS', 'COMPUTADORES, ÉTICA E SOCIEDADE'];['LÓGICA BÁSICA', 'ARQUITETURA DE COMPUTADORES'];['ANÁLISE DE PROJETOS', 'ARQUITETURA DE COMPUTADORES DE ALTO DESEMPENHO', 'LABORATÓRIO DE SISTEMAS OPERACIONAIS', 'LÓGICAS NÃO CLÁSSICAS', 'MINERAÇÃO DE DADOS']
G;DAMCZA020-13SA;PROGRAMAÇÃO PARALELA;Q1;DIURNO;SA;4;[['SEGUNDA', '10:00 ÀS 12:00', 'SEMANAL'], ['QUINTA', '08:00 ÀS 10:00', 'SEMANAL ']];HARLEN COSTA BATAGELO;NOTURNO;18;Q2;SA;[''];[''];['COMPUTAÇÃO GRÁFICA', 'ALGORITMOS E ESTRUTURAS DE DADOS II'];['INTRODUÇÃO À PROGRAMAÇÃO DE JOGOS', 'PROCESSAMENTO DIGITAL DE IMAGENS']
G;DAMCTA010-15SA;ENGENHARIA DE SOFTWARE;Q1;DIURNO;SA;4;[['TERCA', '10:00 ÀS 12:00', 'SEMANAL'], ['SEXTA', '08:00 ÀS 10:00', 'SEMANAL ']];JAIR DONADELLI;NEGOCIÁVEL;18;Q2;SA;['MATEMÁTICA DISCRETA'];['ANÁLISE DE ALGORITMOS', 'ÁLGEBRA LINEAR'];['LÓGICA BÁSICA', 'TEORIA DOS GRAFOS'];['ALGORITMOS PROBABILÍSTICOS', 'ANALISE DE ALGORITMOS II', 'COMBINATÓRIA EXTREMAL', 'INTRODUÇÃO À MODELAGEM E PROCESSOS ESTOCÁSTICOS', 'TEORIA ESPECTRAL DE GRAFOS']
G;DAMCTA037-17SA;BANCO DE DADOS;Q3;DIURNO;SA;4;[['SEGUNDA', '08:00 ÀS 10:00', 'SEMANAL'], ['QUINTA', '10:00 ÀS 12:00', 'QUINZENAL II'], ['QUINTA', '10:00 ÀS 12:00', 'QUINZENAL I']];ANDRÉ LUIZ BRANDÃO;NEGOCIÁVEL;18;Q2;SA;['INTERAÇÃO HUMANO-COMPUTADOR', 'ENGENHARIA DE SOFTWARE', 'INTRODUÇÃO A PROGRAMAÇÃO DE JOGOS'];['PROGRAMAÇÃO ORIENTADA A OBJETOS', 'INTERAÇÃO HUMANO-COMPUTADOR'];['INTERAÇÃO HUMANO-COMPUTADOR', 'COMPUTAÇÃO GRÁFICA'];['']
G;NA1MCTA037-17SA;BANCO DE DADOS;Q3;NOTURNO;SA;2;[['SEGUNDA', '19:00 ÀS 21:00', 'SEMANAL'], ['QUINTA', '21:00 ÀS 23:00', 'QUINZENAL II'], ['QUINTA', '21:00 ÀS 23:00', 'QUINZENAL I']];ARITANAN GRUBER;NEGOCIÁVEL;18;Q3;SA;['MATEMÁTICA DISCRETA', 'LINGUAGENS FORMAIS E AUTOMATA', 'ALGORITMOS E ESTRUTURAS DE DADOS I'];['ANÁLISE DE ALGORITMOS', 'ÁLGEBRA LINEAR', 'INTRODUÇÃO À PROBABILIDADE E ESTATÍSTICA', 'PARADIGMAS DE PROGRAMAÇÃO'];['PROGRAMAÇÃO MATEMÁTICA', 'TEORIA DOS GRAFOS', 'ALGORITMOS E ESTRUTURAS DE DADOS II', 'INTELIGÊNCIA ARTIFICIAL', 'LÓGICA BÁSICA'];['ALGORITMOS PROBABILÍSTICOS', 'ANALISE DE ALGORITMOS II', 'APRENDIZADO DE MÁQUINA', 'COMBINATÓRIA EXTREMAL', 'INTRODUÇÃO À MODELAGEM E PROCESSOS ESTOCÁSTICOS', 'MÉTODOS DE OTIMIZAÇÃO', 'TEORIA ESPECTRAL DE GRAFOS']
G;NAMCTA037-17SA;BANCO DE DADOS;Q3;NOTURNO;SA;2;[['SEGUNDA', '19:00 ÀS 21:00', 'SEMANAL'], ['QUINTA', '21:00 ÀS 23:00', 'QUINZENAL II'], ['QUINTA', '21:00 ÀS 23:00', 'QUINZENAL I']];ANDRÉ BALAN;DIURNO;18;Q3;SA;['ALGORITMOS E ESTRUTURAS DE DADOS I'];['PROGRAMAÇÃO ORIENTADA A OBJETOS'];['PROGRAMAÇÃO ESTRUTURADA', 'BANCO DE DADOS', 'COMPUTAÇÃO GRÁFICA'];['PROCESSAMENTO DIGITAL DE IMAGENS']
G;DA1MCTA014-15SA;INTELIGÊNCIA ARTIFICIAL;Q3;DIURNO;SA;2;[['SEGUNDA', '10:00 ÀS 12:00', 'SEMANAL'], ['QUARTA', '08:00 ÀS 10:00', 'QUINZENAL II'], ['QUARTA', '08:00 ÀS 10:00', 'QUINZENAL I']];MARCIO KATSUMI OIKAWA;NEGOCIÁVEL;18;Q1;SA;['ALGORITMOS E ESTRUTURAS DE DADOS I'];['BANCO DE DADOS DE APOIO A TOMADA DE DECISÃO', 'PROGRAMAÇÃO ORIENTADA A OBJETOS', ' SISTEMAS DE INFORMAÇÃO'];['BANCO DE DADOS', 'PROGRAMAÇÃO ESTRUTURADA', 'ALGORITMOS E ESTRUTURAS DE DADOS II'];['BANCO DE DADOS DE APOIO À TOMADA DE DECISÃO', 'PROGRAMAÇÃO PARA WEB', 'SISTEMAS DE GERENCIAMENTO DE BANCO DE DADOS', 'SISTEMAS DE INFORMAÇÃO']
G;DAMCTA014-15SA;INTELIGÊNCIA ARTIFICIAL;Q3;DIURNO;SA;2;[['SEGUNDA', '10:00 ÀS 12:00', 'SEMANAL'], ['QUARTA', '08:00 ÀS 10:00', 'QUINZENAL II'], ['QUARTA', '08:00 ÀS 10:00', 'QUINZENAL I']];DENISE GOYA;NEGOCIÁVEL;18;Q2;SA;['SEGURANÇA DE DADOS', 'ALGORITMOS E ESTRUTURAS DE DADOS I'];['COMPUTADORES, ÉTICA E SOCIEDADE', 'ANÁLISE DE ALGORITMOS'];['PROGRAMAÇÃO ESTRUTURADA', 'ALGORITMOS E ESTRUTURAS DE DADOS II'];['PROGRAMAÇÃO SEGURA', 'SEGURANÇA EM REDES']
G;NA1MCTA014-15SA;INTELIGÊNCIA ARTIFICIAL;Q3;NOTURNO;SA;2;[['SEGUNDA', '21:00 ÀS 23:00', 'SEMANAL'], ['QUARTA', '19:00 ÀS 21:00', 'QUINZENAL II'], ['QUARTA', '19:00 ÀS 21:00', 'QUINZENAL I']];CARLOS DA SILVA DOS SANTOS;NEGOCIÁVEL;18;Q3;SA;['ALGORITMOS E ESTRUTURAS DE DADOS I', 'MATEMÁTICA DISCRETA'];['PROGRAMAÇÃO ORIENTADA A OBJETOS', 'PARADIGMAS DE PROGRAMAÇÃO'];['LÓGICA BÁSICA', 'PROGRAMAÇÃO ESTRUTURADA', 'INTELIGÊNCIA ARTIFICIAL'];['APRENDIZADO DE MÁQUINA', 'COMPUTAÇÃO EVOLUCIONISTA E CONEXIONISTA', 'MINERAÇÃO DE DADOS', 'PROCESSAMENTO DIGITAL DE IMAGENS', 'VISÃO COMPUTACIONAL']
G;NAMCTA014-15SA;INTELIGÊNCIA ARTIFICIAL;Q3;NOTURNO;SA;2;[['SEGUNDA', '21:00 ÀS 23:00', 'SEMANAL'], ['QUARTA', '19:00 ÀS 21:00', 'QUINZENAL II'], ['QUARTA', '19:00 ÀS 21:00', 'QUINZENAL I']];JOAO PAULO GOIS;NEGOCIÁVEL;18;Q2;SA;['MATEMÁTICA DISCRETA'];[''];['COMPUTAÇÃO GRÁFICA'];['INTERAÇÃO HUMANO-COMPUTADOR', 'INTRODUÇÃO À PROGRAMAÇÃO DE JOGOS', 'PROCESSAMENTO DIGITAL DE IMAGENS', 'VISÃO COMPUTACIONAL']
G;DAMCTA009-13SA;COMPUTADORES, ÉTICA E SOCIEDADE;Q2;DIURNO;SA;2;[['TERCA', '10:00 ÀS 12:00', 'SEMANAL ']];DANIEL MORGATO MARTIN;NEGOCIÁVEL;18;Q1;SA;['ALGORITMOS E ESTRUTURAS DE DADOS I', 'MATEMÁTICA DISCRETA'];['ANÁLISE DE ALGORITMOS', 'COMPILADORES'];['PROGRAMAÇÃO ESTRUTURADA', 'TEORIA DOS GRAFOS', 'ALGORITMOS E ESTRUTURAS DE DADOS II'];['ALGORITMOS PROBABILÍSTICOS', 'ANALISE DE ALGORITMOS II', 'COMBINATÓRIA EXTREMAL', 'PRÁTICA AVANÇADA DE PROGRAMAÇÃO A', 'PRÁTICA AVANÇADA DE PROGRAMAÇÃO B', 'PRÁTICA AVANÇADA DE PROGRAMAÇÃO C', 'PROGRAMAÇÃO AVANÇADA PARA DISPOSITIVOS MÓVEIS', 'PROGRAMAÇÃO PARA WEB']
G;NAMCTA009-13SA;COMPUTADORES, ÉTICA E SOCIEDADE;Q2;NOTURNO;SA;2;[['TERCA', '21:00 ÀS 23:00', 'SEMANAL ']];CLÁUDIA JOSIMAR ABRÃO DE ARAÚJO;DIURNO;18;Q2;SA;['ENGENHARIA DE SOFTWARE', 'REDES DE COMPUTADORES'];['SISTEMAS DISTRIBUÍDOS'];['ARQUITETURA DE COMPUTADORES'];['']
G;DAMCZA015-13SA;MINERAÇÃO DE DADOS;Q2;DIURNO;SA;4;[['TERCA', '08:00 ÀS 10:00', 'SEMANAL '], ['QUINTA', '10:00 ÀS 12:00', 'SEMANAL ']];MIRTHA L. F. VENERO;DIURNO;18;Q2;SA;['ALGORITMOS E ESTRUTURAS DE DADOS I', 'LINGUAGENS FORMAIS E AUTOMATA'];['COMPILADORES', 'PROGRAMAÇÃO ORIENTADA A OBJETOS', 'PARADIGMAS DE PROGRAMAÇÃO', 'ANÁLISE DE ALGORITMOS'];['LÓGICA BÁSICA', 'ALGORITMOS E ESTRUTURAS DE DADOS II', 'PROGRAMAÇÃO ESTRUTURADA'];['LÓGICAS NÃO CLÁSSICAS', 'SEMÂNTICA DE LINGUAGEM DE PROGRAMAÇÃO']
G;DA1MCTA014-15SA;INTELIGÊNCIA ARTIFICIAL;Q3;DIURNO;SA;1;[['SEGUNDA', '10:00 ÀS 12:00', 'SEMANAL'], ['QUARTA', '08:00 ÀS 10:00', 'QUINZENAL II'], ['QUARTA', '08:00 ÀS 10:00', 'QUINZENAL I']];ANDRÉ LUIZ BRANDÃO;NEGOCIÁVEL;18;Q2;SA;['INTERAÇÃO HUMANO-COMPUTADOR', 'ENGENHARIA DE SOFTWARE', 'INTRODUÇÃO A PROGRAMAÇÃO DE JOGOS'];['PROGRAMAÇÃO ORIENTADA A OBJETOS', 'INTERAÇÃO HUMANO-COMPUTADOR'];['INTERAÇÃO HUMANO-COMPUTADOR', 'COMPUTAÇÃO GRÁFICA'];['']
G;NA1MCTA014-15SA;INTELIGÊNCIA ARTIFICIAL;Q3;NOTURNO;SA;1;[['SEGUNDA', '21:00 ÀS 23:00', 'SEMANAL'], ['QUARTA', '19:00 ÀS 21:00', 'QUINZENAL II'], ['QUARTA', '19:00 ÀS 21:00', 'QUINZENAL I']];FRANCISCO JAVIER ROPERO PELÁEZ;NEGOCIÁVEL;18;Q2;SA;['CIRCUITOS DIGITAIS'];[''];['COMPUTAÇÃO EVOLUTIVA E CONEXIONISTA'];['APRENDIZADO DE MÁQUINA', 'COMPUTAÇÃO EVOLUCIONISTA E CONEXIONISTA', 'VIDA ARTIFICIAL NA COMPUTAÇÃO']
G;NAMCZA006-17SA;COMPUTAÇÃO EVOLUTIVA E CONEXIONISTA;Q2;NOTURNO;SA;4;[['TERCA', '19:00 ÀS 21:00', 'SEMANAL'], ['QUINTA', '21:00 ÀS 23:00', 'SEMANAL ']];ANDRÉ LUIZ BRANDÃO;NEGOCIÁVEL;18;Q2;SA;['INTERAÇÃO HUMANO-COMPUTADOR', 'ENGENHARIA DE SOFTWARE', 'INTRODUÇÃO A PROGRAMAÇÃO DE JOGOS'];['PROGRAMAÇÃO ORIENTADA A OBJETOS', 'INTERAÇÃO HUMANO-COMPUTADOR'];['INTERAÇÃO HUMANO-COMPUTADOR', 'COMPUTAÇÃO GRÁFICA'];['']
G;NAMCZA047-14SA;SISTEMAS MULTI-ROBÔS SOCIAIS;Q3;NOTURNO;SA;4;[['TERCA', '19:00 ÀS 21:00', 'SEMANAL '], ['SEXTA', '21:00 ÀS 23:00', 'SEMANAL ']];ALEXANDRE NOMA;NOTURNO;18;Q2;SA;['MATEMÁTICA DISCRETA'];['PROGRAMAÇÃO ORIENTADA A OBJETOS'];['TEORIA DOS GRAFOS'];['']

Index/Fit:;1;0.557426363124494

index;sName;pName
1;PRÁTICA AVANÇADA DE PROGRAMAÇÃO A;CRISTIANE SATO
2;PROGRAMAÇÃO ORIENTADA A OBJETOS;MARCIO KATSUMI OIKAWA
3;PROGRAMAÇÃO ORIENTADA A OBJETOS;HARLEN COSTA BATAGELO
4;PARADIGMAS DE PROGRAMAÇÃO;KARLA VITTORI
5;ALGORITMOS E ESTRUTURAS DE DADOS I;ARITANAN GRUBER
6;ALGORITMOS E ESTRUTURAS DE DADOS I;FRANCISCO ISIDRO MASSETTO
7;TEORIA DOS GRAFOS;FERNANDO TEUBL FERREIRA
8;APRENDIZADO DE MÁQUINA;MARCIO KATSUMI OIKAWA
9;MINERAÇÃO DE DADOS;JULIANA
10;CIRCUITOS DIGITAIS;CESAR GIACOMINI PENTEADO
11;SISTEMAS OPERACIONAIS;FERNANDO TEUBL FERREIRA
12;REDES DE COMPUTADORES;CARLOS DA SILVA DOS SANTOS
13;REDES DE COMPUTADORES;FRANCISCO ZAMPIROLLI
14;PROGRAMAÇÃO MATEMÁTICA;DIOGO SANTANA MARTINS
15;ANÁLISE DE ALGORITMOS;DANIEL MORGATO MARTIN
16;PROGRAMAÇÃO ESTRUTURADA;DANIEL MORGATO MARTIN
17;PARADIGMAS DE PROGRAMAÇÃO;ANDRÉ BALAN
18;PARADIGMAS DE PROGRAMAÇÃO;ANDRÉ LUIZ BRANDÃO
19;MINERAÇÃO DE DADOS;JERONIMO CORDONI PELLEGRINI
20;MINERAÇÃO DE DADOS;ARITANAN GRUBER
21;SEGURANÇA DE DADOS;MIRTHA L. F. VENERO
22;SEGURANÇA DE DADOS;FABRICIO OLIVETTI DE FRANÇA
23;ALGORITMOS E ESTRUTURAS DE DADOS II;ANDRÉ LUIZ BRANDÃO
24;ALGORITMOS E ESTRUTURAS DE DADOS II;LETÍCIA RODRIGUES BUENO
25;SISTEMAS MULTIMÍDIA;DAVID CORREA MARTINS JR
26;WEB SEMÂNTICA;JERONIMO CORDONI PELLEGRINI
27;PROGRAMAÇÃO ESTRUTURADA;CLÁUDIA JOSIMAR ABRÃO DE ARAÚJO
28;PROGRAMAÇÃO ESTRUTURADA;JULIANA
29;ALGORITMOS E ESTRUTURAS DE DADOS II;FERNANDO TEUBL FERREIRA
30;ALGORITMOS E ESTRUTURAS DE DADOS II;MARIA DAS GRAÇAS BRUNO MARIETTO
31;ENGENHARIA DE SOFTWARE;JULIANA
32;SISTEMAS OPERACIONAIS;JOSÉ ARTUR QUILICI-GONZALEZ
33;SISTEMAS OPERACIONAIS;ANDRÉ LUIZ BRANDÃO
34;COMPILADORES;MONAEL
35;SISTEMAS DISTRIBUÍDOS;LUIS PAULO SCOTT
36;SISTEMAS DISTRIBUÍDOS;LETÍCIA RODRIGUES BUENO
37;CIRCUITOS DIGITAIS;JOAO PAULO GOIS
38;VIDA ARTIFICIAL NA COMPUTAÇÃO;FRANCISCO ZAMPIROLLI
39;VIDA ARTIFICIAL NA COMPUTAÇÃO;HARLEN COSTA BATAGELO
40;ANÁLISE DE ALGORITMOS;DAVID CORREA MARTINS JR
41;PROGRAMAÇÃO MATEMÁTICA;HARLEN COSTA BATAGELO
42;TEORIA DOS GRAFOS;JAIR DONADELLI
43;ARQUITETURA DE COMPUTADORES;MARCIO KATSUMI OIKAWA
44;ARQUITETURA DE COMPUTADORES;FRANCISCO ISIDRO MASSETTO
45;REDES DE COMPUTADORES;GUIOU KOBAYASHI
46;SISTEMAS OPERACIONAIS;FRANCISCO ISIDRO MASSETTO
47;SISTEMAS DISTRIBUÍDOS;GUSTAVO SOUSA PAVANI
48;COMPUTAÇÃO GRÁFICA;MARIO LESTON REY
49;LINGUAGENS FORMAIS E AUTOMATA;FERNANDO TEUBL FERREIRA
50;LINGUAGENS FORMAIS E AUTOMATA;GORDANA MANIC
51;ALGORITMOS E ESTRUTURAS DE DADOS I;CESAR GIACOMINI PENTEADO
52;ALGORITMOS E ESTRUTURAS DE DADOS I;JERONIMO CORDONI PELLEGRINI
53;PROGRAMAÇÃO ESTRUTURADA;CESAR GIACOMINI PENTEADO
54;PROGRAMAÇÃO ESTRUTURADA;JAIR DONADELLI
55;COMPUTAÇÃO GRÁFICA;ANDRÉ LUIZ BRANDÃO
56;COMPUTAÇÃO GRÁFICA;KARLA VITTORI
57;SISTEMAS DIGITAIS;FRANCISCO ZAMPIROLLI
58;SISTEMAS DIGITAIS;CRISTIANE SATO
59;SISTEMAS DIGITAIS;ARITANAN GRUBER
60;SISTEMAS DIGITAIS;LUIZ ROZANTE
61;PROGRAMAÇÃO ESTRUTURADA;FABRICIO OLIVETTI DE FRANÇA
62;PROGRAMAÇÃO ESTRUTURADA;JOAO PAULO GOIS
63;BANCO DE DADOS;CRISTIANE SATO
64;LABORATÓRIO DE ENGENHARIA DE SOFTWARE;CLÁUDIA JOSIMAR ABRÃO DE ARAÚJO
65;PARADIGMAS DE PROGRAMAÇÃO;DAVID CORREA MARTINS JR
66;BANCO DE DADOS DE APOIO À TOMADA DE DECISÃO;JULIANA
67;SISTEMAS MULTIAGENTES;ARITANAN GRUBER
68;COMPILADORES;DIOGO SANTANA MARTINS
69;COMPILADORES;FRANCISCO ISIDRO MASSETTO
70;PROGRAMAÇÃO ORIENTADA A OBJETOS;DANIEL MORGATO MARTIN
71;PROGRAMAÇÃO ORIENTADA A OBJETOS;ALEXANDRE NOMA
72;PROGRAMAÇÃO ORIENTADA A OBJETOS;LETÍCIA RODRIGUES BUENO
73;PROGRAMAÇÃO ORIENTADA A OBJETOS;FRANCISCO JAVIER ROPERO PELÁEZ
74;GESTÃO DE PROJETOS DE SOFTWARE;ALEXANDRE NOMA
75;PROGRAMAÇÃO PARA WEB;CESAR GIACOMINI PENTEADO
76;PROGRAMAÇÃO PARALELA;HARLEN COSTA BATAGELO
77;ENGENHARIA DE SOFTWARE;JAIR DONADELLI
78;BANCO DE DADOS;ANDRÉ LUIZ BRANDÃO
79;BANCO DE DADOS;ANDRÉ LUIZ BRANDÃO
80;BANCO DE DADOS;LETÍCIA RODRIGUES BUENO
81;INTELIGÊNCIA ARTIFICIAL;MARCIO KATSUMI OIKAWA
82;INTELIGÊNCIA ARTIFICIAL;DENISE GOYA
83;INTELIGÊNCIA ARTIFICIAL;MIRTHA L. F. VENERO
84;INTELIGÊNCIA ARTIFICIAL;JOAO PAULO GOIS
85;COMPUTADORES, ÉTICA E SOCIEDADE;DANIEL MORGATO MARTIN
86;COMPUTADORES, ÉTICA E SOCIEDADE;CLÁUDIA JOSIMAR ABRÃO DE ARAÚJO
87;MINERAÇÃO DE DADOS;MIRTHA L. F. VENERO
88;INTELIGÊNCIA ARTIFICIAL;ANDRÉ LUIZ BRANDÃO
89;INTELIGÊNCIA ARTIFICIAL;DIOGO SANTANA MARTINS
90;COMPUTAÇÃO EVOLUTIVA E CONEXIONISTA;CLÁUDIA JOSIMAR ABRÃO DE ARAÚJO
91;SISTEMAS MULTI-ROBÔS SOCIAIS;FRANCISCO ZAMPIROLLI

pName;numSubjects;notPref;notPeriod;isSabbath;notCampus;numI2;numI3;difCharge
1;ALEXANDRE NOMA;2;1;1;1;0;0;0;12.0
2;ANDRÉ BALAN;1;1;1;0;0;0;0;16.0
3;ANDRÉ LUIZ BRANDÃO;7;6;0;1;0;0;0;0.5
4;ARITANAN GRUBER;4;3;0;1;0;0;0;5.0
5;CARLOS DA SILVA DOS SANTOS;1;1;0;0;0;0;0;15.5
6;CESAR GIACOMINI PENTEADO;4;2;0;2;0;0;0;3.0
7;CLÁUDIA JOSIMAR ABRÃO DE ARAÚJO;4;4;2;2;0;0;0;5.0
8;CRISTIANE SATO;3;2;0;0;0;0;0;11.0
9;DANIEL MORGATO MARTIN;4;2;0;0;0;0;0;6.0
10;DAVID CORREA MARTINS JR;3;2;0;1;0;0;0;8.0
11;DENISE GOYA;1;1;0;0;0;0;0;16.0
12;DIOGO SANTANA MARTINS;3;3;0;1;0;0;0;9.0
13;FABRICIO OLIVETTI DE FRANÇA;2;1;2;0;0;0;0;10.0
14;FERNANDO TEUBL FERREIRA;4;2;0;0;0;0;0;5.0
15;FRANCISCO ISIDRO MASSETTO;4;2;2;1;0;0;0;2.0
16;FRANCISCO JAVIER ROPERO PELÁEZ;1;1;0;1;0;0;0;16.0
17;FRANCISCO ZAMPIROLLI;4;4;2;1;0;0;0;6.5
18;GORDANA MANIC;1;1;0;0;0;0;0;14.0
19;GUIOU KOBAYASHI;1;1;0;0;0;0;0;14.0
20;GUSTAVO SOUSA PAVANI;1;0;0;0;0;0;0;14.0
21;HARLEN COSTA BATAGELO;4;4;1;1;0;0;0;6.0
22;JAIR DONADELLI;3;2;0;0;0;0;0;7.0
23;JERONIMO CORDONI PELLEGRINI;3;3;3;0;0;0;0;7.0
24;JOAO PAULO GOIS;3;3;0;0;0;0;0;8.0
25;JOSÉ ARTUR QUILICI-GONZALEZ;1;0;0;0;0;0;0;16.5
26;JULIANA;4;3;2;1;0;0;0;6.0
27;KARLA VITTORI;2;2;1;1;0;0;0;10.0
28;LETÍCIA RODRIGUES BUENO;4;2;0;0;0;0;0;9.0
29;LUIS PAULO SCOTT;1;1;1;0;0;0;0;15.0
30;LUIZ ROZANTE;1;1;0;0;0;0;0;16.0
31;MARCIO KATSUMI OIKAWA;4;3;0;1;0;0;0;6.0
32;MARIA DAS GRAÇAS BRUNO MARIETTO;1;1;0;0;0;0;0;16.0
33;MARIO LESTON REY;1;1;0;1;0;0;0;14.0
34;MIRTHA L. F. VENERO;3;3;1;1;0;0;0;8.0
35;MONAEL;1;1;1;0;0;0;0;14.0
36;Total;91;70;20;18;0;0;0;347.0

sLevel;sCode;sName;sQuadri;sPeriod;sCampus;sCharge;sTimetableList;pName;pPeriod;pCharge;pQuadriSabbath;pPrefCampus;pPrefSubjQ1List;pPrefSubjQ2List;pPrefSubjQ3List;pPrefSubjLimList
G;DAMCZA038-17SA;PRÁTICA AVANÇADA DE PROGRAMAÇÃO A;Q3;DIURNO;SA;4;[['SEGUNDA', '08:00 ÀS 10:00', 'SEMANAL'], ['QUINTA', '10:00 ÀS 12:00', 'SEMANAL ']];CRISTIANE SATO;NEGOCIÁVEL;18;NENHUM;SA;['LINGUAGENS FORMAIS E AUTOMATA', 'MATEMÁTICA DISCRETA', 'ALGORITMOS E ESTRUTURAS DE DADOS I'];['ANÁLISE DE ALGORITMOS', 'PARADIGMAS DE PROGRAMAÇÃO'];['PROGRAMAÇÃO ESTRUTURADA', 'ALGORITMOS E ESTRUTURAS DE DADOS II', 'TEORIA DOS GRAFOS', 'PROGRAMAÇÃO MATEMÁTICA'];['ALGORITMOS PROBABILÍSTICOS', 'ANALISE DE ALGORITMOS II', 'COMBINATÓRIA EXTREMAL', 'PRÁTICA AVANÇADA DE PROGRAMAÇÃO A', 'PRÁTICA AVANÇADA DE PROGRAMAÇÃO B', 'PRÁTICA AVANÇADA DE PROGRAMAÇÃO C', 'TÉCNICAS AVANÇADAS DE PROGRAMAÇÃO', 'TEORIA ESPECTRAL DE GRAFOS']
G;NA1MCTA018-13SA;PROGRAMAÇÃO ORIENTADA A OBJETOS;Q2;NOTURNO;SA;2;[['TERCA', '19:00 ÀS 21:00', 'SEMANAL '], ['QUINTA', '19:00 ÀS 21:00', 'SEMANAL ']];MARCIO KATSUMI OIKAWA;NEGOCIÁVEL;18;Q1;SA;['ALGORITMOS E ESTRUTURAS DE DADOS I'];['BANCO DE DADOS DE APOIO A TOMADA DE DECISÃO', 'PROGRAMAÇÃO ORIENTADA A OBJETOS', ' SISTEMAS DE INFORMAÇÃO'];['BANCO DE DADOS', 'PROGRAMAÇÃO ESTRUTURADA', 'ALGORITMOS E ESTRUTURAS DE DADOS II'];['BANCO DE DADOS DE APOIO À TOMADA DE DECISÃO', 'PROGRAMAÇÃO PARA WEB', 'SISTEMAS DE GERENCIAMENTO DE BANCO DE DADOS', 'SISTEMAS DE INFORMAÇÃO']
G;NA2MCTA018-13SA;PROGRAMAÇÃO ORIENTADA A OBJETOS;Q2;NOTURNO;SA;2;[['TERCA', '19:00 ÀS 21:00', 'SEMANAL '], ['QUINTA', '21:00 ÀS 23:00', 'SEMANAL ']];HARLEN COSTA BATAGELO;NOTURNO;18;Q2;SA;[''];[''];['COMPUTAÇÃO GRÁFICA', 'ALGORITMOS E ESTRUTURAS DE DADOS II'];['INTRODUÇÃO À PROGRAMAÇÃO DE JOGOS', 'PROCESSAMENTO DIGITAL DE IMAGENS']
G;DAMCTA016-13SA;PARADIGMAS DE PROGRAMAÇÃO;Q2;DIURNO;SA;4;[['SEGUNDA', '10:00 ÀS 12:00', 'SEMANAL '], ['QUINTA', '08:00 ÀS 10:00', 'SEMANAL ']];KARLA VITTORI;NOTURNO;18;Q2;SA;[''];['COMPUTADORES, ÉTICA E SOCIEDADE'];[''];['VIDA ARTIFICIAL NA COMPUTAÇÃO']
G;DA1MCTA001-13SA;ALGORITMOS E ESTRUTURAS DE DADOS I;Q1;DIURNO;SA;4;[['QUARTA', '08:00 ÀS 10:00', 'SEMANAL '], ['SEXTA', '08:00 ÀS 10:00', 'SEMANAL ']];ARITANAN GRUBER;NEGOCIÁVEL;18;Q3;SA;['MATEMÁTICA DISCRETA', 'LINGUAGENS FORMAIS E AUTOMATA', 'ALGORITMOS E ESTRUTURAS DE DADOS I'];['ANÁLISE DE ALGORITMOS', 'ÁLGEBRA LINEAR', 'INTRODUÇÃO À PROBABILIDADE E ESTATÍSTICA', 'PARADIGMAS DE PROGRAMAÇÃO'];['PROGRAMAÇÃO MATEMÁTICA', 'TEORIA DOS GRAFOS', 'ALGORITMOS E ESTRUTURAS DE DADOS II', 'INTELIGÊNCIA ARTIFICIAL', 'LÓGICA BÁSICA'];['ALGORITMOS PROBABILÍSTICOS', 'ANALISE DE ALGORITMOS II', 'APRENDIZADO DE MÁQUINA', 'COMBINATÓRIA EXTREMAL', 'INTRODUÇÃO À MODELAGEM E PROCESSOS ESTOCÁSTICOS', 'MÉTODOS DE OTIMIZAÇÃO', 'TEORIA ESPECTRAL DE GRAFOS']
G;DA2MCTA001-13SA;ALGORITMOS E ESTRUTURAS DE DADOS I;Q1;DIURNO;SA;4;[['QUARTA', '08:00 ÀS 10:00', 'SEMANAL '], ['SEXTA', '10:00 ÀS 12:00', 'SEMANAL ']];FRANCISCO ISIDRO MASSETTO;DIURNO;18;Q3;SA;['SISTEMAS OPERACIONAIS'];['SISTEMAS DISTRIBUÍDOS', 'COMPILADORES'];[''];['INTRODUÇÃO À PROGRAMAÇÃO DE JOGOS', 'PROGRAMAÇÃO AVANÇADA PARA DISPOSITIVOS MÓVEIS']
G;DAMCTA027-17SA;TEORIA DOS GRAFOS;Q3;DIURNO;SA;4;[['QUARTA', '10:00 ÀS 12:00', 'SEMANAL'], ['SEXTA', '08:00 ÀS 10:00', 'SEMANAL ']];FERNANDO TEUBL FERREIRA;NEGOCIÁVEL;18;Q2;SA;['SISTEMAS OPERACIONAIS', 'ALGORITMOS E ESTRUTURAS DE DADOS I'];['ANÁLISE DE ALGORITMOS', 'PROGRAMAÇÃO ORIENTADA A OBJETOS', 'SISTEMAS DIGITAIS', 'SISTEMAS DISTRIBUÍDOS'];['ARQUITETURA DE COMPUTADORES', 'ALGORITMOS E ESTRUTURAS DE DADOS II', 'COMPUTAÇÃO GRÁFICA', 'LÓGICA BÁSICA'];['ANALISE DE ALGORITMOS II', 'LABORATÓRIO DE SISTEMAS OPERACIONAIS', 'PROCESSAMENTO DIGITAL DE IMAGENS', 'VISÃO COMPUTACIONAL']
G;NAMCZA002-13SA;APRENDIZADO DE MÁQUINA;Q1;NOTURNO;SA;4;[['SEGUNDA', '21:00 ÀS 23:00', 'SEMANAL'], ['QUINTA', '19:00 ÀS 21:00', 'SEMANAL ']];MARCIO KATSUMI OIKAWA;NEGOCIÁVEL;18;Q1;SA;['ALGORITMOS E ESTRUTURAS DE DADOS I'];['BANCO DE DADOS DE APOIO A TOMADA DE DECISÃO', 'PROGRAMAÇÃO ORIENTADA A OBJETOS', ' SISTEMAS DE INFORMAÇÃO'];['BANCO DE DADOS', 'PROGRAMAÇÃO ESTRUTURADA', 'ALGORITMOS E ESTRUTURAS DE DADOS II'];['BANCO DE DADOS DE APOIO À TOMADA DE DECISÃO', 'PROGRAMAÇÃO PARA WEB', 'SISTEMAS DE GERENCIAMENTO DE BANCO DE DADOS', 'SISTEMAS DE INFORMAÇÃO']
G;NA1MCZA015-13SA;MINERAÇÃO DE DADOS;Q2;NOTURNO;SA;1;[['TERCA', '21:00 ÀS 23:00', 'SEMANAL '], ['SEXTA', '19:00 ÀS 21:00', 'SEMANAL']];JULIANA;DIURNO;18;Q1;SA;['ENGENHARIA DE SOFTWARE'];['COMPUTADORES, ÉTICA E SOCIEDADE'];['BANCO DE DADOS'];['ANÁLISE DE PROJETOS', 'GESTÃO DE PROJETOS DE SOFTWARE', 'INTERAÇÃO HUMANO-COMPUTADOR', 'LABORATÓRIO DE ENGENHARIA DE SOFTWARE', 'PROCESSO E DESENVOLVIMENTO DE SOFTWARES EDUCACIONAIS', 'PROJETO INTERDISCIPLINAR']
G;DAMCTA006-13SA;CIRCUITOS DIGITAIS;Q1;DIURNO;SA;4;[['SEGUNDA', '10:00 ÀS 12:00', 'SEMANAL'], ['QUINTA', '08:00 ÀS 10:00', 'SEMANAL ']];CESAR GIACOMINI PENTEADO;NEGOCIÁVEL;18;Q3;SA;['CIRCUITOS DIGITAIS', 'SISTEMAS OPERACIONAIS', 'ALGORITMOS E ESTRUTURAS DE DADOS I'];['SISTEMAS DIGITAIS'];[''];['ARQUITETURA DE COMPUTADORES DE ALTO DESEMPENHO']
G;NA1MCTA026-13SA;SISTEMAS OPERACIONAIS;Q1;NOTURNO;SA;1;[['SEGUNDA', '21:00 ÀS 23:00', 'SEMANAL '], ['QUINTA', '19:00 ÀS 21:00', 'SEMANAL ']];FERNANDO TEUBL FERREIRA;NEGOCIÁVEL;18;Q2;SA;['SISTEMAS OPERACIONAIS', 'ALGORITMOS E ESTRUTURAS DE DADOS I'];['ANÁLISE DE ALGORITMOS', 'PROGRAMAÇÃO ORIENTADA A OBJETOS', 'SISTEMAS DIGITAIS', 'SISTEMAS DISTRIBUÍDOS'];['ARQUITETURA DE COMPUTADORES', 'ALGORITMOS E ESTRUTURAS DE DADOS II', 'COMPUTAÇÃO GRÁFICA', 'LÓGICA BÁSICA'];['ANALISE DE ALGORITMOS II', 'LABORATÓRIO DE SISTEMAS OPERACIONAIS', 'PROCESSAMENTO DIGITAL DE IMAGENS', 'VISÃO COMPUTACIONAL']
G;NA3MCTA022-13SA;REDES DE COMPUTADORES;Q1;NOTURNO;SA;2,5;[['SEGUNDA', '19:00 ÀS 21:00', 'SEMANAL'], ['QUARTA', '21:00 ÀS 23:00', 'QUINZENAL I'], ['QUARTA', '21:00 ÀS 23:00', 'QUINZENAL II']];CARLOS DA SILVA DOS SANTOS;NEGOCIÁVEL;18;Q3;SA;['ALGORITMOS E ESTRUTURAS DE DADOS I', 'MATEMÁTICA DISCRETA'];['PROGRAMAÇÃO ORIENTADA A OBJETOS', 'PARADIGMAS DE PROGRAMAÇÃO'];['LÓGICA BÁSICA', 'PROGRAMAÇÃO ESTRUTURADA', 'INTELIGÊNCIA ARTIFICIAL'];['APRENDIZADO DE MÁQUINA', 'COMPUTAÇÃO EVOLUCIONISTA E CONEXIONISTA', 'MINERAÇÃO DE DADOS', 'PROCESSAMENTO DIGITAL DE IMAGENS', 'VISÃO COMPUTACIONAL']
G;NA4MCTA022-13SA;REDES DE COMPUTADORES;Q1;NOTURNO;SA;1,5;[['SEGUNDA', '19:00 ÀS 21:00', 'SEMANAL'], ['QUARTA', '21:00 ÀS 23:00', 'QUINZENAL I'], ['QUARTA', '21:00 ÀS 23:00', 'QUINZENAL II']];FRANCISCO ZAMPIROLLI;NOTURNO;18;Q2;SA;['ALGORITMOS E ESTRUTURAS DE DADOS I', 'ENGENHARIA DE SOFTWARE'];['PROGRAMAÇÃO ORIENTADA A OBJETOS'];['PROGRAMAÇÃO ESTRUTURADA', 'ALGORITMOS E ESTRUTURAS DE DADOS II'];['PROCESSAMENTO DIGITAL DE IMAGENS', 'PROCESSAMENTO DE IMAGENS UTILIZANDO GPU', 'VISÃO COMPUTACIONAL']
G;DAMCTA017-17SA;PROGRAMAÇÃO MATEMÁTICA;Q3;DIURNO;SA;4;[['QUARTA', '10:00 ÀS 12:00', 'QUINZENAL I'], ['SEXTA', '08:00 ÀS 10:00', 'SEMANAL '], ['QUARTA', '10:00 ÀS 12:00', 'QUINZENAL II']];DIOGO SANTANA MARTINS;NEGOCIÁVEL;18;Q2;SA;['ALGORITMOS E ESTRUTURAS DE DADOS I'];['PARADIGMAS DE PROGRAMAÇÃO', 'PROGRAMAÇÃO ORIENTADA A OBJETOS'];['ALGORITMOS E ESTRUTURAS DE DADOS II', 'PROGRAMAÇÃO ESTRUTURADA', 'BANCO DE DADOS'];['SISTEMAS MULTIMÍDIA', 'PROGRAMAÇÃO PARA WEB', 'WEB SEMÂNTICA', 'PROGRAMAÇÃO AVANÇADA PARA DISPOSITIVOS MÓVEIS', 'SISTEMAS DE GERENCIAMENTO DE BANCO DE DADOS', 'ANÁLISE DE PROJETO', 'INTERAÇÃO HUMANO-COMPUTADOR', 'BANCO DE DADOS DE APOIO À TOMADA DE DECISÃO', 'TÉCNICAS AVANÇADAS DE PROGRAMAÇÃO', 'SISTEMAS DE INFORMAÇÃO']
G;DAMCTA003-17SA;ANÁLISE DE ALGORITMOS;Q2;DIURNO;SA;4;[['QUARTA', '08:00 ÀS 10:00', 'SEMANAL'], ['SEXTA', '10:00 ÀS 12:00', 'SEMANAL ']];DANIEL MORGATO MARTIN;NEGOCIÁVEL;18;Q1;SA;['ALGORITMOS E ESTRUTURAS DE DADOS I', 'MATEMÁTICA DISCRETA'];['ANÁLISE DE ALGORITMOS', 'COMPILADORES'];['PROGRAMAÇÃO ESTRUTURADA', 'TEORIA DOS GRAFOS', 'ALGORITMOS E ESTRUTURAS DE DADOS II'];['ALGORITMOS PROBABILÍSTICOS', 'ANALISE DE ALGORITMOS II', 'COMBINATÓRIA EXTREMAL', 'PRÁTICA AVANÇADA DE PROGRAMAÇÃO A', 'PRÁTICA AVANÇADA DE PROGRAMAÇÃO B', 'PRÁTICA AVANÇADA DE PROGRAMAÇÃO C', 'PROGRAMAÇÃO AVANÇADA PARA DISPOSITIVOS MÓVEIS', 'PROGRAMAÇÃO PARA WEB']
G;DBMCTA028-15SA;PROGRAMAÇÃO ESTRUTURADA;Q3;DIURNO;SA;4;[['QUARTA', '08:00 ÀS 10:00', 'SEMANAL '], ['QUARTA', '10:00 ÀS 12:00', 'SEMANAL ']];DANIEL MORGATO MARTIN;NEGOCIÁVEL;18;Q1;SA;['ALGORITMOS E ESTRUTURAS DE DADOS I', 'MATEMÁTICA DISCRETA'];['ANÁLISE DE ALGORITMOS', 'COMPILADORES'];['PROGRAMAÇÃO ESTRUTURADA', 'TEORIA DOS GRAFOS', 'ALGORITMOS E ESTRUTURAS DE DADOS II'];['ALGORITMOS PROBABILÍSTICOS', 'ANALISE DE ALGORITMOS II', 'COMBINATÓRIA EXTREMAL', 'PRÁTICA AVANÇADA DE PROGRAMAÇÃO A', 'PRÁTICA AVANÇADA DE PROGRAMAÇÃO B', 'PRÁTICA AVANÇADA DE PROGRAMAÇÃO C', 'PROGRAMAÇÃO AVANÇADA PARA DISPOSITIVOS MÓVEIS', 'PROGRAMAÇÃO PARA WEB']
G;NA1MCTA016-13SA;PARADIGMAS DE PROGRAMAÇÃO;Q2;NOTURNO;SA;2;[['SEGUNDA', '21:00 ÀS 23:00', 'SEMANAL '], ['QUINTA', '19:00 ÀS 21:00', 'SEMANAL']];ANDRÉ BALAN;DIURNO;18;Q3;SA;['ALGORITMOS E ESTRUTURAS DE DADOS I'];['PROGRAMAÇÃO ORIENTADA A OBJETOS'];['PROGRAMAÇÃO ESTRUTURADA', 'BANCO DE DADOS', 'COMPUTAÇÃO GRÁFICA'];['PROCESSAMENTO DIGITAL DE IMAGENS']
G;NAMCTA016-13SA;PARADIGMAS DE PROGRAMAÇÃO;Q2;NOTURNO;SA;2;[['SEGUNDA', '21:00 ÀS 23:00', 'SEMANAL '], ['QUINTA', '19:00 ÀS 21:00', 'SEMANAL']];ANDRÉ LUIZ BRANDÃO;NEGOCIÁVEL;18;Q2;SA;['INTERAÇÃO HUMANO-COMPUTADOR', 'ENGENHARIA DE SOFTWARE', 'INTRODUÇÃO A PROGRAMAÇÃO DE JOGOS'];['PROGRAMAÇÃO ORIENTADA A OBJETOS', 'INTERAÇÃO HUMANO-COMPUTADOR'];['INTERAÇÃO HUMANO-COMPUTADOR', 'COMPUTAÇÃO GRÁFICA'];['']
G;NA1MCZA015-13SA;MINERAÇÃO DE DADOS;Q2;NOTURNO;SA;3;[['TERCA', '21:00 ÀS 23:00', 'SEMANAL '], ['SEXTA', '19:00 ÀS 21:00', 'SEMANAL']];JERONIMO CORDONI PELLEGRINI;DIURNO;18;Q3;SA;['MATEMÁTICA DISCRETA', 'LINGUAGENS FORMAIS E AUTOMATA'];['PARADIGMAS DE PROGRAMAÇÃO'];['PROGRAMAÇÃO MATEMÁTICA', 'TEORIA DOS GRAFOS'];['SEMÂNTICA DE LINGUAGEM DE PROGRAMAÇÃO']
G;NAMCZA015-13SA;MINERAÇÃO DE DADOS;Q2;NOTURNO;SA;1;[['TERCA', '21:00 ÀS 23:00', 'SEMANAL '], ['SEXTA', '19:00 ÀS 21:00', 'SEMANAL']];ARITANAN GRUBER;NEGOCIÁVEL;18;Q3;SA;['MATEMÁTICA DISCRETA', 'LINGUAGENS FORMAIS E AUTOMATA', 'ALGORITMOS E ESTRUTURAS DE DADOS I'];['ANÁLISE DE ALGORITMOS', 'ÁLGEBRA LINEAR', 'INTRODUÇÃO À PROBABILIDADE E ESTATÍSTICA', 'PARADIGMAS DE PROGRAMAÇÃO'];['PROGRAMAÇÃO MATEMÁTICA', 'TEORIA DOS GRAFOS', 'ALGORITMOS E ESTRUTURAS DE DADOS II', 'INTELIGÊNCIA ARTIFICIAL', 'LÓGICA BÁSICA'];['ALGORITMOS PROBABILÍSTICOS', 'ANALISE DE ALGORITMOS II', 'APRENDIZADO DE MÁQUINA', 'COMBINATÓRIA EXTREMAL', 'INTRODUÇÃO À MODELAGEM E PROCESSOS ESTOCÁSTICOS', 'MÉTODOS DE OTIMIZAÇÃO', 'TEORIA ESPECTRAL DE GRAFOS']
G;DAMCTA023-13SA;SEGURANÇA DE DADOS;Q1;DIURNO;SA;4;[['SEGUNDA', '08:00 ÀS 10:00', 'SEMANAL '], ['QUARTA', '10:00 ÀS 12:00', 'SEMANAL ']];MIRTHA L. F. VENERO;DIURNO;18;Q2;SA;['ALGORITMOS E ESTRUTURAS DE DADOS I', 'LINGUAGENS FORMAIS E AUTOMATA'];['COMPILADORES', 'PROGRAMAÇÃO ORIENTADA A OBJETOS', 'PARADIGMAS DE PROGRAMAÇÃO', 'ANÁLISE DE ALGORITMOS'];['LÓGICA BÁSICA', 'ALGORITMOS E ESTRUTURAS DE DADOS II', 'PROGRAMAÇÃO ESTRUTURADA'];['LÓGICAS NÃO CLÁSSICAS', 'SEMÂNTICA DE LINGUAGEM DE PROGRAMAÇÃO']
G;NAMCTA023-13SA;SEGURANÇA DE DADOS;Q1;NOTURNO;SA;4;[['SEGUNDA', '19:00 ÀS 21:00', 'SEMANAL '], ['QUARTA', '21:00 ÀS 23:00', 'SEMANAL ']];FABRICIO OLIVETTI DE FRANÇA;DIURNO;18;NENHUM;SA;['ALGORITMOS E ESTRUTURAS DE DADOS I'];['PARADIGMAS DE PROGRAMAÇÃO'];['PROGRAMAÇÃO ESTRUTURADA', 'ALGORITMOS E ESTRUTURAS DE DADOS II', 'INTELIGÊNCIA ARTIFICIAL'];['APRENDIZADO DE MÁQUINA', 'COMPUTAÇÃO EVOLUCIONISTA E CONEXIONISTA', 'MINERAÇÃO DE DADOS', 'PRÁTICA AVANÇADA DE PROGRAMAÇÃO A', 'PRÁTICA AVANÇADA DE PROGRAMAÇÃO B', 'PRÁTICA AVANÇADA DE PROGRAMAÇÃO C']
G;NA1MCTA002-17SA;ALGORITMOS E ESTRUTURAS DE DADOS II;Q3;NOTURNO;SA;2;[['TERCA', '21:00 ÀS 23:00', 'SEMANAL '], ['QUINTA', '19:00 ÀS 21:00', 'SEMANAL ']];ANDRÉ LUIZ BRANDÃO;NEGOCIÁVEL;18;Q2;SA;['INTERAÇÃO HUMANO-COMPUTADOR', 'ENGENHARIA DE SOFTWARE', 'INTRODUÇÃO A PROGRAMAÇÃO DE JOGOS'];['PROGRAMAÇÃO ORIENTADA A OBJETOS', 'INTERAÇÃO HUMANO-COMPUTADOR'];['INTERAÇÃO HUMANO-COMPUTADOR', 'COMPUTAÇÃO GRÁFICA'];['']
G;NAMCTA002-17SA;ALGORITMOS E ESTRUTURAS DE DADOS II;Q3;NOTURNO;SA;2;[['TERCA', '21:00 ÀS 23:00', 'SEMANAL '], ['QUINTA', '19:00 ÀS 21:00', 'SEMANAL ']];LETÍCIA RODRIGUES BUENO;NEGOCIÁVEL;18;Q1;SA;['ALGORITMOS E ESTRUTURAS DE DADOS I', 'LINGUAGENS FORMAIS E AUTOMATA'];['ANÁLISE DE ALGORITMOS', 'PROGRAMAÇÃO ORIENTADA A OBJETOS'];['PROGRAMAÇÃO ESTRUTURADA', 'ALGORITMOS E ESTRUTURAS DE DADOS II', 'TEORIA DOS GRAFOS'];['PROGRAMAÇÃO AVANÇADA PARA DISPOSITIVOS MÓVEIS', 'PROGRAMAÇÃO PARA WEB']
G;DAMCZA029-13SA;SISTEMAS MULTIMÍDIA;Q1;DIURNO;SA;4;[['TERCA', '08:00 ÀS 10:00', 'SEMANAL'], ['QUINTA', '10:00 ÀS 12:00', 'SEMANAL ']];DAVID CORREA MARTINS JR;NEGOCIÁVEL;18;Q1;SA;['ALGORITMOS E ESTRUTURAS DE DADOS I'];['ANÁLISE DE ALGORITMOS'];['PROGRAMAÇÃO ESTRUTURADA', 'ALGORITMOS E ESTRUTURAS DE DADOS II', 'TEORIA DOS GRAFOS', 'INTELIGÊNCIA ARTIFICIAL'];['APRENDIZADO DE MÁQUINA', 'INTRODUÇÃO À BIOINFORMÁTICA', 'MINERAÇÃO DE DADOS']
G;NAMCZA031-13SA;WEB SEMÂNTICA;Q1;NOTURNO;SA;4;[['TERCA', '19:00 ÀS 21:00', 'SEMANAL'], ['QUINTA', '21:00 ÀS 23:00', 'SEMANAL ']];JERONIMO CORDONI PELLEGRINI;DIURNO;18;Q3;SA;['MATEMÁTICA DISCRETA', 'LINGUAGENS FORMAIS E AUTOMATA'];['PARADIGMAS DE PROGRAMAÇÃO'];['PROGRAMAÇÃO MATEMÁTICA', 'TEORIA DOS GRAFOS'];['SEMÂNTICA DE LINGUAGEM DE PROGRAMAÇÃO']
G;DA1MCTA028-15SA;PROGRAMAÇÃO ESTRUTURADA;Q3;DIURNO;SA;3;[['QUARTA', '10:00 ÀS 12:00', 'SEMANAL '], ['SEXTA', '08:00 ÀS 10:00', 'SEMANAL ']];CLÁUDIA JOSIMAR ABRÃO DE ARAÚJO;DIURNO;18;Q2;SA;['ENGENHARIA DE SOFTWARE', 'REDES DE COMPUTADORES'];['SISTEMAS DISTRIBUÍDOS'];['ARQUITETURA DE COMPUTADORES'];['']
G;DA2MCTA028-15SA;PROGRAMAÇÃO ESTRUTURADA;Q3;DIURNO;SA;3;[['QUARTA', '10:00 ÀS 12:00', 'SEMANAL '], ['SEXTA', '10:00 ÀS 12:00', 'SEMANAL ']];JULIANA;DIURNO;18;Q1;SA;['ENGENHARIA DE SOFTWARE'];['COMPUTADORES, ÉTICA E SOCIEDADE'];['BANCO DE DADOS'];['ANÁLISE DE PROJETOS', 'GESTÃO DE PROJETOS DE SOFTWARE', 'INTERAÇÃO HUMANO-COMPUTADOR', 'LABORATÓRIO DE ENGENHARIA DE SOFTWARE', 'PROCESSO E DESENVOLVIMENTO DE SOFTWARES EDUCACIONAIS', 'PROJETO INTERDISCIPLINAR']
G;DAMCTA002-17SA;ALGORITMOS E ESTRUTURAS DE DADOS II;Q3;DIURNO;SA;4;[['TERCA', '10:00 ÀS 12:00', 'SEMANAL '], ['QUINTA', '08:00 ÀS 10:00', 'SEMANAL ']];FERNANDO TEUBL FERREIRA;NEGOCIÁVEL;18;Q2;SA;['SISTEMAS OPERACIONAIS', 'ALGORITMOS E ESTRUTURAS DE DADOS I'];['ANÁLISE DE ALGORITMOS', 'PROGRAMAÇÃO ORIENTADA A OBJETOS', 'SISTEMAS DIGITAIS', 'SISTEMAS DISTRIBUÍDOS'];['ARQUITETURA DE COMPUTADORES', 'ALGORITMOS E ESTRUTURAS DE DADOS II', 'COMPUTAÇÃO GRÁFICA', 'LÓGICA BÁSICA'];['ANALISE DE ALGORITMOS II', 'LABORATÓRIO DE SISTEMAS OPERACIONAIS', 'PROCESSAMENTO DIGITAL DE IMAGENS', 'VISÃO COMPUTACIONAL']
G;NA1MCTA002-17SA;ALGORITMOS E ESTRUTURAS DE DADOS II;Q3;NOTURNO;SA;2;[['TERCA', '21:00 ÀS 23:00', 'SEMANAL '], ['QUINTA', '19:00 ÀS 21:00', 'SEMANAL ']];MARIA DAS GRAÇAS BRUNO MARIETTO;NEGOCIÁVEL;18;Q2;SA;[''];[''];['LÓGICA BÁSICA'];['LÓGICAS NÃO CLÁSSICAS', 'SISTEMAS MULTIAGENTES', 'VIDA ARTIFICIAL NA COMPUTAÇÃO']
G;NAMCTA010-15SA;ENGENHARIA DE SOFTWARE;Q1;NOTURNO;SA;4;[['TERCA', '21:00 ÀS 23:00', 'SEMANAL'], ['SEXTA', '19:00 ÀS 21:00', 'SEMANAL ']];JULIANA;DIURNO;18;Q1;SA;['ENGENHARIA DE SOFTWARE'];['COMPUTADORES, ÉTICA E SOCIEDADE'];['BANCO DE DADOS'];['ANÁLISE DE PROJETOS', 'GESTÃO DE PROJETOS DE SOFTWARE', 'INTERAÇÃO HUMANO-COMPUTADOR', 'LABORATÓRIO DE ENGENHARIA DE SOFTWARE', 'PROCESSO E DESENVOLVIMENTO DE SOFTWARES EDUCACIONAIS', 'PROJETO INTERDISCIPLINAR']
G;NA1MCTA026-13SA;SISTEMAS OPERACIONAIS;Q1;NOTURNO;SA;1,5;[['SEGUNDA', '21:00 ÀS 23:00', 'SEMANAL '], ['QUINTA', '19:00 ÀS 21:00', 'SEMANAL ']];JOSÉ ARTUR QUILICI-GONZALEZ;NEGOCIÁVEL;18;NENHUM;SA;['CIRCUITOS DIGITAIS', 'SISTEMAS OPERACIONAIS'];['SISTEMAS DIGITAIS', 'COMPUTADORES, ÉTICA E SOCIEDADE'];['LÓGICA BÁSICA', 'ARQUITETURA DE COMPUTADORES'];['ANÁLISE DE PROJETOS', 'ARQUITETURA DE COMPUTADORES DE ALTO DESEMPENHO', 'LABORATÓRIO DE SISTEMAS OPERACIONAIS', 'LÓGICAS NÃO CLÁSSICAS', 'MINERAÇÃO DE DADOS']
G;NAMCTA026-13SA;SISTEMAS OPERACIONAIS;Q1;NOTURNO;SA;2,5;[['SEGUNDA', '21:00 ÀS 23:00', 'SEMANAL '], ['QUINTA', '19:00 ÀS 21:00', 'SEMANAL ']];ANDRÉ LUIZ BRANDÃO;NEGOCIÁVEL;18;Q2;SA;['INTERAÇÃO HUMANO-COMPUTADOR', 'ENGENHARIA DE SOFTWARE', 'INTRODUÇÃO A PROGRAMAÇÃO DE JOGOS'];['PROGRAMAÇÃO ORIENTADA A OBJETOS', 'INTERAÇÃO HUMANO-COMPUTADOR'];['INTERAÇÃO HUMANO-COMPUTADOR', 'COMPUTAÇÃO GRÁFICA'];['']
G;NAMCTA007-17SA;COMPILADORES;Q2;NOTURNO;SA;4;[['SEGUNDA', '19:00 ÀS 21:00', 'SEMANAL '], ['QUARTA', '21:00 ÀS 23:00', 'SEMANAL ']];MONAEL;DIURNO;18;Q3;SA;['ALGORITMOS E ESTRUTURAS DE DADOS I'];['PROGRAMAÇÃO ORIENTADA A OBJETOS'];['LÓGICA BÁSICA', 'PROGRAMAÇÃO ESTRUTURADA', 'BANCO DE DADOS'];['']
G;NA1MCTA025-13SA;SISTEMAS DISTRIBUÍDOS;Q2;NOTURNO;SA;3;[['QUARTA', '19:00 ÀS 21:00', 'SEMANAL '], ['SEXTA', '19:00 ÀS 21:00', 'SEMANAL ']];LUIS PAULO SCOTT;DIURNO;18;Q3;SA;['LINGUAGENS FORMAIS E AUTOMATA', 'LÓGICA BÁSICA'];['PARADIGMAS DE PROGRAMAÇÃO', 'INTELIGÊNCIA ARTIFICIAL'];[''];['INTRODUÇÃO À BIOINFORMÁTICA']
G;NA2MCTA025-13SA;SISTEMAS DISTRIBUÍDOS;Q2;NOTURNO;SA;3;[['QUARTA', '19:00 ÀS 21:00', 'SEMANAL '], ['SEXTA', '21:00 ÀS 23:00', 'SEMANAL ']];LETÍCIA RODRIGUES BUENO;NEGOCIÁVEL;18;Q1;SA;['ALGORITMOS E ESTRUTURAS DE DADOS I', 'LINGUAGENS FORMAIS E AUTOMATA'];['ANÁLISE DE ALGORITMOS', 'PROGRAMAÇÃO ORIENTADA A OBJETOS'];['PROGRAMAÇÃO ESTRUTURADA', 'ALGORITMOS E ESTRUTURAS DE DADOS II', 'TEORIA DOS GRAFOS'];['PROGRAMAÇÃO AVANÇADA PARA DISPOSITIVOS MÓVEIS', 'PROGRAMAÇÃO PARA WEB']
G;NAMCTA006-13SA;CIRCUITOS DIGITAIS;Q1;NOTURNO;SA;4;[['SEGUNDA', '21:00 ÀS 23:00', 'SEMANAL'], ['QUINTA', '19:00 ÀS 21:00', 'SEMANAL ']];JOAO PAULO GOIS;NEGOCIÁVEL;18;Q2;SA;['MATEMÁTICA DISCRETA'];[''];['COMPUTAÇÃO GRÁFICA'];['INTERAÇÃO HUMANO-COMPUTADOR', 'INTRODUÇÃO À PROGRAMAÇÃO DE JOGOS', 'PROCESSAMENTO DIGITAL DE IMAGENS', 'VISÃO COMPUTACIONAL']
G;DAMCZA030-13SA;VIDA ARTIFICIAL NA COMPUTAÇÃO;Q1;DIURNO;SA;2;[['QUARTA', '08:00 ÀS 10:00', 'SEMANAL ']];FRANCISCO ZAMPIROLLI;NOTURNO;18;Q2;SA;['ALGORITMOS E ESTRUTURAS DE DADOS I', 'ENGENHARIA DE SOFTWARE'];['PROGRAMAÇÃO ORIENTADA A OBJETOS'];['PROGRAMAÇÃO ESTRUTURADA', 'ALGORITMOS E ESTRUTURAS DE DADOS II'];['PROCESSAMENTO DIGITAL DE IMAGENS', 'PROCESSAMENTO DE IMAGENS UTILIZANDO GPU', 'VISÃO COMPUTACIONAL']
G;NAMCZA030-13SA;VIDA ARTIFICIAL NA COMPUTAÇÃO;Q1;NOTURNO;SA;2;[['QUARTA', '19:00 ÀS 21:00', 'SEMANAL ']];HARLEN COSTA BATAGELO;NOTURNO;18;Q2;SA;[''];[''];['COMPUTAÇÃO GRÁFICA', 'ALGORITMOS E ESTRUTURAS DE DADOS II'];['INTRODUÇÃO À PROGRAMAÇÃO DE JOGOS', 'PROCESSAMENTO DIGITAL DE IMAGENS']
G;NAMCTA003-17SA;ANÁLISE DE ALGORITMOS;Q2;NOTURNO;SA;4;[['QUARTA', '19:00 ÀS 21:00', 'SEMANAL'], ['SEXTA', '21:00 ÀS 23:00', 'SEMANAL ']];DAVID CORREA MARTINS JR;NEGOCIÁVEL;18;Q1;SA;['ALGORITMOS E ESTRUTURAS DE DADOS I'];['ANÁLISE DE ALGORITMOS'];['PROGRAMAÇÃO ESTRUTURADA', 'ALGORITMOS E ESTRUTURAS DE DADOS II', 'TEORIA DOS GRAFOS', 'INTELIGÊNCIA ARTIFICIAL'];['APRENDIZADO DE MÁQUINA', 'INTRODUÇÃO À BIOINFORMÁTICA', 'MINERAÇÃO DE DADOS']
G;NAMCTA017-17SA;PROGRAMAÇÃO MATEMÁTICA;Q3;NOTURNO;SA;4;[['QUARTA', '21:00 ÀS 23:00', 'SEMANAL'], ['SEXTA', '19:00 ÀS 21:00', 'SEMANAL ']];HARLEN COSTA BATAGELO;NOTURNO;18;Q2;SA;[''];[''];['COMPUTAÇÃO GRÁFICA', 'ALGORITMOS E ESTRUTURAS DE DADOS II'];['INTRODUÇÃO À PROGRAMAÇÃO DE JOGOS', 'PROCESSAMENTO DIGITAL DE IMAGENS']
G;NAMCTA027-17SA;TEORIA DOS GRAFOS;Q3;NOTURNO;SA;4;[['QUARTA', '21:00 ÀS 23:00', 'SEMANAL'], ['SEXTA', '19:00 ÀS 21:00', 'SEMANAL ']];JAIR DONADELLI;NEGOCIÁVEL;18;Q2;SA;['MATEMÁTICA DISCRETA'];['ANÁLISE DE ALGORITMOS', 'ÁLGEBRA LINEAR'];['LÓGICA BÁSICA', 'TEORIA DOS GRAFOS'];['ALGORITMOS PROBABILÍSTICOS', 'ANALISE DE ALGORITMOS II', 'COMBINATÓRIA EXTREMAL', 'INTRODUÇÃO À MODELAGEM E PROCESSOS ESTOCÁSTICOS', 'TEORIA ESPECTRAL DE GRAFOS']
G;DAMCTA004-17SA;ARQUITETURA DE COMPUTADORES;Q3;DIURNO;SA;4;[['TERCA', '08:00 ÀS 10:00', 'SEMANAL'], ['SEXTA', '10:00 ÀS 12:00', 'SEMANAL ']];MARCIO KATSUMI OIKAWA;NEGOCIÁVEL;18;Q1;SA;['ALGORITMOS E ESTRUTURAS DE DADOS I'];['BANCO DE DADOS DE APOIO A TOMADA DE DECISÃO', 'PROGRAMAÇÃO ORIENTADA A OBJETOS', ' SISTEMAS DE INFORMAÇÃO'];['BANCO DE DADOS', 'PROGRAMAÇÃO ESTRUTURADA', 'ALGORITMOS E ESTRUTURAS DE DADOS II'];['BANCO DE DADOS DE APOIO À TOMADA DE DECISÃO', 'PROGRAMAÇÃO PARA WEB', 'SISTEMAS DE GERENCIAMENTO DE BANCO DE DADOS', 'SISTEMAS DE INFORMAÇÃO']
G;NAMCTA004-17SA;ARQUITETURA DE COMPUTADORES;Q3;NOTURNO;SA;4;[['TERCA', '19:00 ÀS 21:00', 'SEMANAL'], ['SEXTA', '21:00 ÀS 23:00', 'SEMANAL ']];FRANCISCO ISIDRO MASSETTO;DIURNO;18;Q3;SA;['SISTEMAS OPERACIONAIS'];['SISTEMAS DISTRIBUÍDOS', 'COMPILADORES'];[''];['INTRODUÇÃO À PROGRAMAÇÃO DE JOGOS', 'PROGRAMAÇÃO AVANÇADA PARA DISPOSITIVOS MÓVEIS']
G;DA1MCTA022-13SA;REDES DE COMPUTADORES;Q1;DIURNO;SA;4;[['SEGUNDA', '08:00 ÀS 10:00', 'SEMANAL'], ['QUARTA', '10:00 ÀS 12:00', 'QUINZENAL I'], ['QUARTA', '10:00 ÀS 12:00', 'QUINZENAL II']];GUIOU KOBAYASHI;NEGOCIÁVEL;18;Q2;SA;['ENGENHARIA DE SOFTWARE'];['COMPUTADORES, ÉTICA E SOCIEDADE'];['ARQUITETURA DE COMPUTADORES'];['ARQUITETURA DE COMPUTADORES DE ALTO DESEMPENHO', 'GESTÃO DE PROJETOS DE SOFTWARE', 'PROJETO INTERDISCIPLINAR', 'SISTEMAS DE INFORMAÇÃO']
G;DAMCTA026-13SA;SISTEMAS OPERACIONAIS;Q1;DIURNO;SA;4;[['SEGUNDA', '10:00 ÀS 12:00', 'SEMANAL '], ['QUINTA', '08:00 ÀS 10:00', 'SEMANAL ']];FRANCISCO ISIDRO MASSETTO;DIURNO;18;Q3;SA;['SISTEMAS OPERACIONAIS'];['SISTEMAS DISTRIBUÍDOS', 'COMPILADORES'];[''];['INTRODUÇÃO À PROGRAMAÇÃO DE JOGOS', 'PROGRAMAÇÃO AVANÇADA PARA DISPOSITIVOS MÓVEIS']
G;DAMCTA025-13SA;SISTEMAS DISTRIBUÍDOS;Q2;DIURNO;SA;4;[['QUARTA', '08:00 ÀS 10:00', 'SEMANAL '], ['SEXTA', '10:00 ÀS 12:00', 'SEMANAL ']];GUSTAVO SOUSA PAVANI;DIURNO;18;NENHUM;SA;['REDES DE COMPUTADORES', 'SISTEMAS OPERACIONAIS'];['SISTEMAS DISTRIBUÍDOS'];['ARQUITETURA DE COMPUTADORES', 'ALGORITMOS E ESTRUTURAS DE DADOS II'];['REDES SEM FIO', 'VIDA ARTIFICIAL NA COMPUTAÇÃO', ' LABORATÓRIO DE REDES']
G;NA1MCTA008-17SA;COMPUTAÇÃO GRÁFICA;Q3;NOTURNO;SA;4;[['TERCA', '21:00 ÀS 23:00', 'SEMANAL'], ['QUINTA', '19:00 ÀS 21:00', 'SEMANAL ']];MARIO LESTON REY;NEGOCIÁVEL;18;Q3;SA;['LINGUAGENS FORMAIS E AUTOMATA', 'MATEMÁTICA DISCRETA', 'ALGORITMOS E ESTRUTURAS DE DADOS I', 'SISTEMAS OPERACIONAIS'];['PARADIGMAS DE PROGRAMAÇÃO', 'COMPILADORES', 'ANÁLISE DE ALGORITMOS', 'PROGRAMAÇÃO ORIENTADA A OBJETOS', 'SISTEMAS DISTRIBUÍDOS '];['PROGRAMAÇÃO MATEMÁTICA', 'TEORIA DOS GRAFOS', 'INTELIGÊNCIA ARTIFICIAL', 'LÓGICA BÁSICA', 'ALGORITMOS E ESTRUTURAS DE DADOS II', 'PROGRAMAÇÃO ESTRUTURADA', 'BANCO DE DADOS'];['ALGORITMOS PROBABILÍSTICOS', 'ANALISE DE ALGORITMOS II', 'LÓGICAS NÃO CLÁSSICAS', 'MÉTODOS DE OTIMIZAÇÃO', 'SEMÂNTICA DE LINGUAGEM DE PROGRAMAÇÃO']
G;DAMCTA015-13SA;LINGUAGENS FORMAIS E AUTOMATA;Q1;DIURNO;SA;4;[['TERCA', '08:00 ÀS 10:00', 'SEMANAL'], ['QUINTA', '10:00 ÀS 12:00', 'SEMANAL ']];FERNANDO TEUBL FERREIRA;NEGOCIÁVEL;18;Q2;SA;['SISTEMAS OPERACIONAIS', 'ALGORITMOS E ESTRUTURAS DE DADOS I'];['ANÁLISE DE ALGORITMOS', 'PROGRAMAÇÃO ORIENTADA A OBJETOS', 'SISTEMAS DIGITAIS', 'SISTEMAS DISTRIBUÍDOS'];['ARQUITETURA DE COMPUTADORES', 'ALGORITMOS E ESTRUTURAS DE DADOS II', 'COMPUTAÇÃO GRÁFICA', 'LÓGICA BÁSICA'];['ANALISE DE ALGORITMOS II', 'LABORATÓRIO DE SISTEMAS OPERACIONAIS', 'PROCESSAMENTO DIGITAL DE IMAGENS', 'VISÃO COMPUTACIONAL']
G;NAMCTA015-13SA;LINGUAGENS FORMAIS E AUTOMATA;Q1;NOTURNO;SA;4;[['TERCA', '19:00 ÀS 21:00', 'SEMANAL'], ['QUINTA', '21:00 ÀS 23:00', 'SEMANAL ']];GORDANA MANIC;NOTURNO;18;NENHUM;SA;['ALGORITMOS E ESTRUTURAS DE DADOS I', 'MATEMÁTICA DISCRETA'];['ANÁLISE DE ALGORITMOS', 'INTRODUÇÃO À PROBABILIDADE E ESTATÍSTICA'];['TEORIA DOS GRAFOS', 'PROGRAMAÇÃO MATEMÁTICA', 'INTRODUÇÃO À PROBABILIDADE E ESTATÍSTICA'];['MÉTODOS DE OTIMIZAÇÃO']
G;NA1MCTA001-13SA;ALGORITMOS E ESTRUTURAS DE DADOS I;Q1;NOTURNO;SA;4;[['QUARTA', '19:00 ÀS 21:00', 'SEMANAL '], ['SEXTA', '19:00 ÀS 21:00', 'SEMANAL ']];CESAR GIACOMINI PENTEADO;NEGOCIÁVEL;18;Q3;SA;['CIRCUITOS DIGITAIS', 'SISTEMAS OPERACIONAIS', 'ALGORITMOS E ESTRUTURAS DE DADOS I'];['SISTEMAS DIGITAIS'];[''];['ARQUITETURA DE COMPUTADORES DE ALTO DESEMPENHO']
G;NA2MCTA001-13SA;ALGORITMOS E ESTRUTURAS DE DADOS I;Q1;NOTURNO;SA;4;[['QUARTA', '19:00 ÀS 21:00', 'SEMANAL '], ['SEXTA', '21:00 ÀS 23:00', 'SEMANAL ']];JERONIMO CORDONI PELLEGRINI;DIURNO;18;Q3;SA;['MATEMÁTICA DISCRETA', 'LINGUAGENS FORMAIS E AUTOMATA'];['PARADIGMAS DE PROGRAMAÇÃO'];['PROGRAMAÇÃO MATEMÁTICA', 'TEORIA DOS GRAFOS'];['SEMÂNTICA DE LINGUAGEM DE PROGRAMAÇÃO']
G;NA1MCTA028-15SA;PROGRAMAÇÃO ESTRUTURADA;Q3;NOTURNO;SA;3;[['QUARTA', '19:00 ÀS 21:00', 'SEMANAL '], ['QUARTA', '21:00 ÀS 23:00', 'SEMANAL ']];CESAR GIACOMINI PENTEADO;NEGOCIÁVEL;18;Q3;SA;['CIRCUITOS DIGITAIS', 'SISTEMAS OPERACIONAIS', 'ALGORITMOS E ESTRUTURAS DE DADOS I'];['SISTEMAS DIGITAIS'];[''];['ARQUITETURA DE COMPUTADORES DE ALTO DESEMPENHO']
G;NA2MCTA028-15SA;PROGRAMAÇÃO ESTRUTURADA;Q3;NOTURNO;SA;3;[['QUARTA', '19:00 ÀS 21:00', 'SEMANAL '], ['SEXTA', '21:00 ÀS 23:00', 'SEMANAL ']];JAIR DONADELLI;NEGOCIÁVEL;18;Q2;SA;['MATEMÁTICA DISCRETA'];['ANÁLISE DE ALGORITMOS', 'ÁLGEBRA LINEAR'];['LÓGICA BÁSICA', 'TEORIA DOS GRAFOS'];['ALGORITMOS PROBABILÍSTICOS', 'ANALISE DE ALGORITMOS II', 'COMBINATÓRIA EXTREMAL', 'INTRODUÇÃO À MODELAGEM E PROCESSOS ESTOCÁSTICOS', 'TEORIA ESPECTRAL DE GRAFOS']
G;DAMCTA008-17SA;COMPUTAÇÃO GRÁFICA;Q3;DIURNO;SA;4;[['TERCA', '10:00 ÀS 12:00', 'SEMANAL'], ['QUINTA', '08:00 ÀS 10:00', 'SEMANAL ']];ANDRÉ LUIZ BRANDÃO;NEGOCIÁVEL;18;Q2;SA;['INTERAÇÃO HUMANO-COMPUTADOR', 'ENGENHARIA DE SOFTWARE', 'INTRODUÇÃO A PROGRAMAÇÃO DE JOGOS'];['PROGRAMAÇÃO ORIENTADA A OBJETOS', 'INTERAÇÃO HUMANO-COMPUTADOR'];['INTERAÇÃO HUMANO-COMPUTADOR', 'COMPUTAÇÃO GRÁFICA'];['']
G;NAMCTA008-17SA;COMPUTAÇÃO GRÁFICA;Q3;NOTURNO;SA;4;[['TERCA', '21:00 ÀS 23:00', 'SEMANAL'], ['QUINTA', '19:00 ÀS 21:00', 'SEMANAL ']];KARLA VITTORI;NOTURNO;18;Q2;SA;[''];['COMPUTADORES, ÉTICA E SOCIEDADE'];[''];['VIDA ARTIFICIAL NA COMPUTAÇÃO']
G;DA1MCTA024-13SA;SISTEMAS DIGITAIS;Q2;DIURNO;SA;4;[['SEGUNDA', '10:00 ÀS 12:00', 'SEMANAL '], ['QUINTA', '08:00 ÀS 10:00', 'SEMANAL ']];FRANCISCO ZAMPIROLLI;NOTURNO;18;Q2;SA;['ALGORITMOS E ESTRUTURAS DE DADOS I', 'ENGENHARIA DE SOFTWARE'];['PROGRAMAÇÃO ORIENTADA A OBJETOS'];['PROGRAMAÇÃO ESTRUTURADA', 'ALGORITMOS E ESTRUTURAS DE DADOS II'];['PROCESSAMENTO DIGITAL DE IMAGENS', 'PROCESSAMENTO DE IMAGENS UTILIZANDO GPU', 'VISÃO COMPUTACIONAL']
G;DA2MCTA024-13SA;SISTEMAS DIGITAIS;Q2;DIURNO;SA;2;[['SEGUNDA', '10:00 ÀS 12:00', 'SEMANAL '], ['QUINTA', '10:00 ÀS 12:00', 'SEMANAL ']];CRISTIANE SATO;NEGOCIÁVEL;18;NENHUM;SA;['LINGUAGENS FORMAIS E AUTOMATA', 'MATEMÁTICA DISCRETA', 'ALGORITMOS E ESTRUTURAS DE DADOS I'];['ANÁLISE DE ALGORITMOS', 'PARADIGMAS DE PROGRAMAÇÃO'];['PROGRAMAÇÃO ESTRUTURADA', 'ALGORITMOS E ESTRUTURAS DE DADOS II', 'TEORIA DOS GRAFOS', 'PROGRAMAÇÃO MATEMÁTICA'];['ALGORITMOS PROBABILÍSTICOS', 'ANALISE DE ALGORITMOS II', 'COMBINATÓRIA EXTREMAL', 'PRÁTICA AVANÇADA DE PROGRAMAÇÃO A', 'PRÁTICA AVANÇADA DE PROGRAMAÇÃO B', 'PRÁTICA AVANÇADA DE PROGRAMAÇÃO C', 'TÉCNICAS AVANÇADAS DE PROGRAMAÇÃO', 'TEORIA ESPECTRAL DE GRAFOS']
G;NA1MCTA024-13SA;SISTEMAS DIGITAIS;Q2;NOTURNO;SA;4;[['SEGUNDA', '21:00 ÀS 23:00', 'SEMANAL '], ['QUINTA', '19:00 ÀS 21:00', 'SEMANAL ']];ARITANAN GRUBER;NEGOCIÁVEL;18;Q3;SA;['MATEMÁTICA DISCRETA', 'LINGUAGENS FORMAIS E AUTOMATA', 'ALGORITMOS E ESTRUTURAS DE DADOS I'];['ANÁLISE DE ALGORITMOS', 'ÁLGEBRA LINEAR', 'INTRODUÇÃO À PROBABILIDADE E ESTATÍSTICA', 'PARADIGMAS DE PROGRAMAÇÃO'];['PROGRAMAÇÃO MATEMÁTICA', 'TEORIA DOS GRAFOS', 'ALGORITMOS E ESTRUTURAS DE DADOS II', 'INTELIGÊNCIA ARTIFICIAL', 'LÓGICA BÁSICA'];['ALGORITMOS PROBABILÍSTICOS', 'ANALISE DE ALGORITMOS II', 'APRENDIZADO DE MÁQUINA', 'COMBINATÓRIA EXTREMAL', 'INTRODUÇÃO À MODELAGEM E PROCESSOS ESTOCÁSTICOS', 'MÉTODOS DE OTIMIZAÇÃO', 'TEORIA ESPECTRAL DE GRAFOS']
G;NA2MCTA024-13SA;SISTEMAS DIGITAIS;Q2;NOTURNO;SA;2;[['SEGUNDA', '21:00 ÀS 23:00', 'SEMANAL '], ['QUINTA', '21:00 ÀS 23:00', 'SEMANAL ']];LUIZ ROZANTE;NEGOCIÁVEL;18;Q1;SA;['ALGORITMOS E ESTRUTURAS DE DADOS I'];['ANÁLISE DE ALGORITMOS'];['PROGRAMAÇÃO ESTRUTURADA'];['INTRODUÇÃO À BIOINFORMÁTICA', 'PROJETO INTERDISCIPLINAR']
G;NA3MCTA028-15SA;PROGRAMAÇÃO ESTRUTURADA;Q3;NOTURNO;SA;4;[['QUARTA', '21:00 ÀS 23:00', 'SEMANAL '], ['SEXTA', '19:00 ÀS 21:00', 'SEMANAL ']];FABRICIO OLIVETTI DE FRANÇA;DIURNO;18;NENHUM;SA;['ALGORITMOS E ESTRUTURAS DE DADOS I'];['PARADIGMAS DE PROGRAMAÇÃO'];['PROGRAMAÇÃO ESTRUTURADA', 'ALGORITMOS E ESTRUTURAS DE DADOS II', 'INTELIGÊNCIA ARTIFICIAL'];['APRENDIZADO DE MÁQUINA', 'COMPUTAÇÃO EVOLUCIONISTA E CONEXIONISTA', 'MINERAÇÃO DE DADOS', 'PRÁTICA AVANÇADA DE PROGRAMAÇÃO A', 'PRÁTICA AVANÇADA DE PROGRAMAÇÃO B', 'PRÁTICA AVANÇADA DE PROGRAMAÇÃO C']
G;NA4MCTA028-15SA;PROGRAMAÇÃO ESTRUTURADA;Q3;NOTURNO;SA;4;[['QUARTA', '21:00 ÀS 23:00', 'SEMANAL '], ['SEXTA', '21:00 ÀS 23:00', 'SEMANAL ']];JOAO PAULO GOIS;NEGOCIÁVEL;18;Q2;SA;['MATEMÁTICA DISCRETA'];[''];['COMPUTAÇÃO GRÁFICA'];['INTERAÇÃO HUMANO-COMPUTADOR', 'INTRODUÇÃO À PROGRAMAÇÃO DE JOGOS', 'PROCESSAMENTO DIGITAL DE IMAGENS', 'VISÃO COMPUTACIONAL']
G;NA1MCTA037-17SA;BANCO DE DADOS;Q3;NOTURNO;SA;1;[['SEGUNDA', '19:00 ÀS 21:00', 'SEMANAL'], ['QUINTA', '21:00 ÀS 23:00', 'QUINZENAL II'], ['QUINTA', '21:00 ÀS 23:00', 'QUINZENAL I']];CRISTIANE SATO;NEGOCIÁVEL;18;NENHUM;SA;['LINGUAGENS FORMAIS E AUTOMATA', 'MATEMÁTICA DISCRETA', 'ALGORITMOS E ESTRUTURAS DE DADOS I'];['ANÁLISE DE ALGORITMOS', 'PARADIGMAS DE PROGRAMAÇÃO'];['PROGRAMAÇÃO ESTRUTURADA', 'ALGORITMOS E ESTRUTURAS DE DADOS II', 'TEORIA DOS GRAFOS', 'PROGRAMAÇÃO MATEMÁTICA'];['ALGORITMOS PROBABILÍSTICOS', 'ANALISE DE ALGORITMOS II', 'COMBINATÓRIA EXTREMAL', 'PRÁTICA AVANÇADA DE PROGRAMAÇÃO A', 'PRÁTICA AVANÇADA DE PROGRAMAÇÃO B', 'PRÁTICA AVANÇADA DE PROGRAMAÇÃO C', 'TÉCNICAS AVANÇADAS DE PROGRAMAÇÃO', 'TEORIA ESPECTRAL DE GRAFOS']
G;DAMCZA010-13SA;LABORATÓRIO DE ENGENHARIA DE SOFTWARE;Q3;DIURNO;SA;4;[['TERCA', '08:00 ÀS 10:00', 'SEMANAL'], ['SEXTA', '10:00 ÀS 12:00', 'SEMANAL ']];CLÁUDIA JOSIMAR ABRÃO DE ARAÚJO;DIURNO;18;Q2;SA;['ENGENHARIA DE SOFTWARE', 'REDES DE COMPUTADORES'];['SISTEMAS DISTRIBUÍDOS'];['ARQUITETURA DE COMPUTADORES'];['']
G;NA1MCTA016-13SA;PARADIGMAS DE PROGRAMAÇÃO;Q2;NOTURNO;SA;2;[['SEGUNDA', '21:00 ÀS 23:00', 'SEMANAL '], ['QUINTA', '19:00 ÀS 21:00', 'SEMANAL']];DAVID CORREA MARTINS JR;NEGOCIÁVEL;18;Q1;SA;['ALGORITMOS E ESTRUTURAS DE DADOS I'];['ANÁLISE DE ALGORITMOS'];['PROGRAMAÇÃO ESTRUTURADA', 'ALGORITMOS E ESTRUTURAS DE DADOS II', 'TEORIA DOS GRAFOS', 'INTELIGÊNCIA ARTIFICIAL'];['APRENDIZADO DE MÁQUINA', 'INTRODUÇÃO À BIOINFORMÁTICA', 'MINERAÇÃO DE DADOS']
G;DAMCZA005-17SA;BANCO DE DADOS DE APOIO À TOMADA DE DECISÃO;Q2;DIURNO;SA;4;[['TERCA', '10:00 ÀS 12:00', 'SEMANAL '], ['SEXTA', '08:00 ÀS 10:00', 'SEMANAL ']];JULIANA;DIURNO;18;Q1;SA;['ENGENHARIA DE SOFTWARE'];['COMPUTADORES, ÉTICA E SOCIEDADE'];['BANCO DE DADOS'];['ANÁLISE DE PROJETOS', 'GESTÃO DE PROJETOS DE SOFTWARE', 'INTERAÇÃO HUMANO-COMPUTADOR', 'LABORATÓRIO DE ENGENHARIA DE SOFTWARE', 'PROCESSO E DESENVOLVIMENTO DE SOFTWARES EDUCACIONAIS', 'PROJETO INTERDISCIPLINAR']
G;NAMCZA028-13SA;SISTEMAS MULTIAGENTES;Q3;NOTURNO;SA;4;[['SEGUNDA', '21:00 ÀS 23:00', 'SEMANAL'], ['QUARTA', '19:00 ÀS 21:00', 'QUINZENAL I'], ['QUARTA', '19:00 ÀS 21:00', 'QUINZENAL II']];ARITANAN GRUBER;NEGOCIÁVEL;18;Q3;SA;['MATEMÁTICA DISCRETA', 'LINGUAGENS FORMAIS E AUTOMATA', 'ALGORITMOS E ESTRUTURAS DE DADOS I'];['ANÁLISE DE ALGORITMOS', 'ÁLGEBRA LINEAR', 'INTRODUÇÃO À PROBABILIDADE E ESTATÍSTICA', 'PARADIGMAS DE PROGRAMAÇÃO'];['PROGRAMAÇÃO MATEMÁTICA', 'TEORIA DOS GRAFOS', 'ALGORITMOS E ESTRUTURAS DE DADOS II', 'INTELIGÊNCIA ARTIFICIAL', 'LÓGICA BÁSICA'];['ALGORITMOS PROBABILÍSTICOS', 'ANALISE DE ALGORITMOS II', 'APRENDIZADO DE MÁQUINA', 'COMBINATÓRIA EXTREMAL', 'INTRODUÇÃO À MODELAGEM E PROCESSOS ESTOCÁSTICOS', 'MÉTODOS DE OTIMIZAÇÃO', 'TEORIA ESPECTRAL DE GRAFOS']
G;DAMCTA007-17SA;COMPILADORES;Q2;DIURNO;SA;4;[['SEGUNDA', '08:00 ÀS 10:00', 'SEMANAL '], ['QUARTA', '10:00 ÀS 12:00', 'SEMANAL ']];DIOGO SANTANA MARTINS;NEGOCIÁVEL;18;Q2;SA;['ALGORITMOS E ESTRUTURAS DE DADOS I'];['PARADIGMAS DE PROGRAMAÇÃO', 'PROGRAMAÇÃO ORIENTADA A OBJETOS'];['ALGORITMOS E ESTRUTURAS DE DADOS II', 'PROGRAMAÇÃO ESTRUTURADA', 'BANCO DE DADOS'];['SISTEMAS MULTIMÍDIA', 'PROGRAMAÇÃO PARA WEB', 'WEB SEMÂNTICA', 'PROGRAMAÇÃO AVANÇADA PARA DISPOSITIVOS MÓVEIS', 'SISTEMAS DE GERENCIAMENTO DE BANCO DE DADOS', 'ANÁLISE DE PROJETO', 'INTERAÇÃO HUMANO-COMPUTADOR', 'BANCO DE DADOS DE APOIO À TOMADA DE DECISÃO', 'TÉCNICAS AVANÇADAS DE PROGRAMAÇÃO', 'SISTEMAS DE INFORMAÇÃO']
G;NA1MCTA007-17SA;COMPILADORES;Q2;NOTURNO;SA;4;[['SEGUNDA', '19:00 ÀS 21:00', 'SEMANAL '], ['QUARTA', '21:00 ÀS 23:00', 'SEMANAL ']];FRANCISCO ISIDRO MASSETTO;DIURNO;18;Q3;SA;['SISTEMAS OPERACIONAIS'];['SISTEMAS DISTRIBUÍDOS', 'COMPILADORES'];[''];['INTRODUÇÃO À PROGRAMAÇÃO DE JOGOS', 'PROGRAMAÇÃO AVANÇADA PARA DISPOSITIVOS MÓVEIS']
G;DA1MCTA018-13SA;PROGRAMAÇÃO ORIENTADA A OBJETOS;Q2;DIURNO;SA;2;[['TERCA', '08:00 ÀS 10:00', 'SEMANAL '], ['QUINTA', '08:00 ÀS 10:00', 'SEMANAL ']];DANIEL MORGATO MARTIN;NEGOCIÁVEL;18;Q1;SA;['ALGORITMOS E ESTRUTURAS DE DADOS I', 'MATEMÁTICA DISCRETA'];['ANÁLISE DE ALGORITMOS', 'COMPILADORES'];['PROGRAMAÇÃO ESTRUTURADA', 'TEORIA DOS GRAFOS', 'ALGORITMOS E ESTRUTURAS DE DADOS II'];['ALGORITMOS PROBABILÍSTICOS', 'ANALISE DE ALGORITMOS II', 'COMBINATÓRIA EXTREMAL', 'PRÁTICA AVANÇADA DE PROGRAMAÇÃO A', 'PRÁTICA AVANÇADA DE PROGRAMAÇÃO B', 'PRÁTICA AVANÇADA DE PROGRAMAÇÃO C', 'PROGRAMAÇÃO AVANÇADA PARA DISPOSITIVOS MÓVEIS', 'PROGRAMAÇÃO PARA WEB']
G;DA2MCTA018-13SA;PROGRAMAÇÃO ORIENTADA A OBJETOS;Q2;DIURNO;SA;2;[['TERCA', '08:00 ÀS 10:00', 'SEMANAL '], ['QUINTA', '10:00 ÀS 12:00', 'SEMANAL ']];ALEXANDRE NOMA;NOTURNO;18;Q2;SA;['MATEMÁTICA DISCRETA'];['PROGRAMAÇÃO ORIENTADA A OBJETOS'];['TEORIA DOS GRAFOS'];['']
G;NA3MCTA018-13SA;PROGRAMAÇÃO ORIENTADA A OBJETOS;Q2;NOTURNO;SA;2;[['TERCA', '19:00 ÀS 21:00', 'SEMANAL '], ['QUINTA', '19:00 ÀS 21:00', 'SEMANAL ']];LETÍCIA RODRIGUES BUENO;NEGOCIÁVEL;18;Q1;SA;['ALGORITMOS E ESTRUTURAS DE DADOS I', 'LINGUAGENS FORMAIS E AUTOMATA'];['ANÁLISE DE ALGORITMOS', 'PROGRAMAÇÃO ORIENTADA A OBJETOS'];['PROGRAMAÇÃO ESTRUTURADA', 'ALGORITMOS E ESTRUTURAS DE DADOS II', 'TEORIA DOS GRAFOS'];['PROGRAMAÇÃO AVANÇADA PARA DISPOSITIVOS MÓVEIS', 'PROGRAMAÇÃO PARA WEB']
G;NA4MCTA018-13SA;PROGRAMAÇÃO ORIENTADA A OBJETOS;Q2;NOTURNO;SA;2;[['TERCA', '19:00 ÀS 21:00', 'SEMANAL '], ['QUINTA', '21:00 ÀS 23:00', 'SEMANAL ']];FRANCISCO JAVIER ROPERO PELÁEZ;NEGOCIÁVEL;18;Q2;SA;['CIRCUITOS DIGITAIS'];[''];['COMPUTAÇÃO EVOLUTIVA E CONEXIONISTA'];['APRENDIZADO DE MÁQUINA', 'COMPUTAÇÃO EVOLUCIONISTA E CONEXIONISTA', 'VIDA ARTIFICIAL NA COMPUTAÇÃO']
G;NAMCZA016-15SA;GESTÃO DE PROJETOS DE SOFTWARE;Q3;NOTURNO;SA;4;[['SEGUNDA', '19:00 ÀS 21:00', 'SEMANAL'], ['QUINTA', '21:00 ÀS 23:00', 'SEMANAL ']];ALEXANDRE NOMA;NOTURNO;18;Q2;SA;['MATEMÁTICA DISCRETA'];['PROGRAMAÇÃO ORIENTADA A OBJETOS'];['TEORIA DOS GRAFOS'];['']
G;DAMCZA019-17SA;PROGRAMAÇÃO PARA WEB;Q3;DIURNO;SA;4;[['QUARTA', '08:00 ÀS 10:00', 'SEMANAL '], ['SEGUNDA', '10:00 ÀS 12:00', 'SEMANAL ']];CESAR GIACOMINI PENTEADO;NEGOCIÁVEL;18;Q3;SA;['CIRCUITOS DIGITAIS', 'SISTEMAS OPERACIONAIS', 'ALGORITMOS E ESTRUTURAS DE DADOS I'];['SISTEMAS DIGITAIS'];[''];['ARQUITETURA DE COMPUTADORES DE ALTO DESEMPENHO']
G;DAMCZA020-13SA;PROGRAMAÇÃO PARALELA;Q1;DIURNO;SA;4;[['SEGUNDA', '10:00 ÀS 12:00', 'SEMANAL'], ['QUINTA', '08:00 ÀS 10:00', 'SEMANAL ']];HARLEN COSTA BATAGELO;NOTURNO;18;Q2;SA;[''];[''];['COMPUTAÇÃO GRÁFICA', 'ALGORITMOS E ESTRUTURAS DE DADOS II'];['INTRODUÇÃO À PROGRAMAÇÃO DE JOGOS', 'PROCESSAMENTO DIGITAL DE IMAGENS']
G;DAMCTA010-15SA;ENGENHARIA DE SOFTWARE;Q1;DIURNO;SA;4;[['TERCA', '10:00 ÀS 12:00', 'SEMANAL'], ['SEXTA', '08:00 ÀS 10:00', 'SEMANAL ']];JAIR DONADELLI;NEGOCIÁVEL;18;Q2;SA;['MATEMÁTICA DISCRETA'];['ANÁLISE DE ALGORITMOS', 'ÁLGEBRA LINEAR'];['LÓGICA BÁSICA', 'TEORIA DOS GRAFOS'];['ALGORITMOS PROBABILÍSTICOS', 'ANALISE DE ALGORITMOS II', 'COMBINATÓRIA EXTREMAL', 'INTRODUÇÃO À MODELAGEM E PROCESSOS ESTOCÁSTICOS', 'TEORIA ESPECTRAL DE GRAFOS']
G;DAMCTA037-17SA;BANCO DE DADOS;Q3;DIURNO;SA;4;[['SEGUNDA', '08:00 ÀS 10:00', 'SEMANAL'], ['QUINTA', '10:00 ÀS 12:00', 'QUINZENAL II'], ['QUINTA', '10:00 ÀS 12:00', 'QUINZENAL I']];ANDRÉ LUIZ BRANDÃO;NEGOCIÁVEL;18;Q2;SA;['INTERAÇÃO HUMANO-COMPUTADOR', 'ENGENHARIA DE SOFTWARE', 'INTRODUÇÃO A PROGRAMAÇÃO DE JOGOS'];['PROGRAMAÇÃO ORIENTADA A OBJETOS', 'INTERAÇÃO HUMANO-COMPUTADOR'];['INTERAÇÃO HUMANO-COMPUTADOR', 'COMPUTAÇÃO GRÁFICA'];['']
G;NA1MCTA037-17SA;BANCO DE DADOS;Q3;NOTURNO;SA;2;[['SEGUNDA', '19:00 ÀS 21:00', 'SEMANAL'], ['QUINTA', '21:00 ÀS 23:00', 'QUINZENAL II'], ['QUINTA', '21:00 ÀS 23:00', 'QUINZENAL I']];ANDRÉ LUIZ BRANDÃO;NEGOCIÁVEL;18;Q2;SA;['INTERAÇÃO HUMANO-COMPUTADOR', 'ENGENHARIA DE SOFTWARE', 'INTRODUÇÃO A PROGRAMAÇÃO DE JOGOS'];['PROGRAMAÇÃO ORIENTADA A OBJETOS', 'INTERAÇÃO HUMANO-COMPUTADOR'];['INTERAÇÃO HUMANO-COMPUTADOR', 'COMPUTAÇÃO GRÁFICA'];['']
G;NAMCTA037-17SA;BANCO DE DADOS;Q3;NOTURNO;SA;2;[['SEGUNDA', '19:00 ÀS 21:00', 'SEMANAL'], ['QUINTA', '21:00 ÀS 23:00', 'QUINZENAL II'], ['QUINTA', '21:00 ÀS 23:00', 'QUINZENAL I']];LETÍCIA RODRIGUES BUENO;NEGOCIÁVEL;18;Q1;SA;['ALGORITMOS E ESTRUTURAS DE DADOS I', 'LINGUAGENS FORMAIS E AUTOMATA'];['ANÁLISE DE ALGORITMOS', 'PROGRAMAÇÃO ORIENTADA A OBJETOS'];['PROGRAMAÇÃO ESTRUTURADA', 'ALGORITMOS E ESTRUTURAS DE DADOS II', 'TEORIA DOS GRAFOS'];['PROGRAMAÇÃO AVANÇADA PARA DISPOSITIVOS MÓVEIS', 'PROGRAMAÇÃO PARA WEB']
G;DA1MCTA014-15SA;INTELIGÊNCIA ARTIFICIAL;Q3;DIURNO;SA;2;[['SEGUNDA', '10:00 ÀS 12:00', 'SEMANAL'], ['QUARTA', '08:00 ÀS 10:00', 'QUINZENAL II'], ['QUARTA', '08:00 ÀS 10:00', 'QUINZENAL I']];MARCIO KATSUMI OIKAWA;NEGOCIÁVEL;18;Q1;SA;['ALGORITMOS E ESTRUTURAS DE DADOS I'];['BANCO DE DADOS DE APOIO A TOMADA DE DECISÃO', 'PROGRAMAÇÃO ORIENTADA A OBJETOS', ' SISTEMAS DE INFORMAÇÃO'];['BANCO DE DADOS', 'PROGRAMAÇÃO ESTRUTURADA', 'ALGORITMOS E ESTRUTURAS DE DADOS II'];['BANCO DE DADOS DE APOIO À TOMADA DE DECISÃO', 'PROGRAMAÇÃO PARA WEB', 'SISTEMAS DE GERENCIAMENTO DE BANCO DE DADOS', 'SISTEMAS DE INFORMAÇÃO']
G;DAMCTA014-15SA;INTELIGÊNCIA ARTIFICIAL;Q3;DIURNO;SA;2;[['SEGUNDA', '10:00 ÀS 12:00', 'SEMANAL'], ['QUARTA', '08:00 ÀS 10:00', 'QUINZENAL II'], ['QUARTA', '08:00 ÀS 10:00', 'QUINZENAL I']];DENISE GOYA;NEGOCIÁVEL;18;Q2;SA;['SEGURANÇA DE DADOS', 'ALGORITMOS E ESTRUTURAS DE DADOS I'];['COMPUTADORES, ÉTICA E SOCIEDADE', 'ANÁLISE DE ALGORITMOS'];['PROGRAMAÇÃO ESTRUTURADA', 'ALGORITMOS E ESTRUTURAS DE DADOS II'];['PROGRAMAÇÃO SEGURA', 'SEGURANÇA EM REDES']
G;NA1MCTA014-15SA;INTELIGÊNCIA ARTIFICIAL;Q3;NOTURNO;SA;2;[['SEGUNDA', '21:00 ÀS 23:00', 'SEMANAL'], ['QUARTA', '19:00 ÀS 21:00', 'QUINZENAL II'], ['QUARTA', '19:00 ÀS 21:00', 'QUINZENAL I']];MIRTHA L. F. VENERO;DIURNO;18;Q2;SA;['ALGORITMOS E ESTRUTURAS DE DADOS I', 'LINGUAGENS FORMAIS E AUTOMATA'];['COMPILADORES', 'PROGRAMAÇÃO ORIENTADA A OBJETOS', 'PARADIGMAS DE PROGRAMAÇÃO', 'ANÁLISE DE ALGORITMOS'];['LÓGICA BÁSICA', 'ALGORITMOS E ESTRUTURAS DE DADOS II', 'PROGRAMAÇÃO ESTRUTURADA'];['LÓGICAS NÃO CLÁSSICAS', 'SEMÂNTICA DE LINGUAGEM DE PROGRAMAÇÃO']
G;NAMCTA014-15SA;INTELIGÊNCIA ARTIFICIAL;Q3;NOTURNO;SA;2;[['SEGUNDA', '21:00 ÀS 23:00', 'SEMANAL'], ['QUARTA', '19:00 ÀS 21:00', 'QUINZENAL II'], ['QUARTA', '19:00 ÀS 21:00', 'QUINZENAL I']];JOAO PAULO GOIS;NEGOCIÁVEL;18;Q2;SA;['MATEMÁTICA DISCRETA'];[''];['COMPUTAÇÃO GRÁFICA'];['INTERAÇÃO HUMANO-COMPUTADOR', 'INTRODUÇÃO À PROGRAMAÇÃO DE JOGOS', 'PROCESSAMENTO DIGITAL DE IMAGENS', 'VISÃO COMPUTACIONAL']
G;DAMCTA009-13SA;COMPUTADORES, ÉTICA E SOCIEDADE;Q2;DIURNO;SA;2;[['TERCA', '10:00 ÀS 12:00', 'SEMANAL ']];DANIEL MORGATO MARTIN;NEGOCIÁVEL;18;Q1;SA;['ALGORITMOS E ESTRUTURAS DE DADOS I', 'MATEMÁTICA DISCRETA'];['ANÁLISE DE ALGORITMOS', 'COMPILADORES'];['PROGRAMAÇÃO ESTRUTURADA', 'TEORIA DOS GRAFOS', 'ALGORITMOS E ESTRUTURAS DE DADOS II'];['ALGORITMOS PROBABILÍSTICOS', 'ANALISE DE ALGORITMOS II', 'COMBINATÓRIA EXTREMAL', 'PRÁTICA AVANÇADA DE PROGRAMAÇÃO A', 'PRÁTICA AVANÇADA DE PROGRAMAÇÃO B', 'PRÁTICA AVANÇADA DE PROGRAMAÇÃO C', 'PROGRAMAÇÃO AVANÇADA PARA DISPOSITIVOS MÓVEIS', 'PROGRAMAÇÃO PARA WEB']
G;NAMCTA009-13SA;COMPUTADORES, ÉTICA E SOCIEDADE;Q2;NOTURNO;SA;2;[['TERCA', '21:00 ÀS 23:00', 'SEMANAL ']];CLÁUDIA JOSIMAR ABRÃO DE ARAÚJO;DIURNO;18;Q2;SA;['ENGENHARIA DE SOFTWARE', 'REDES DE COMPUTADORES'];['SISTEMAS DISTRIBUÍDOS'];['ARQUITETURA DE COMPUTADORES'];['']
G;DAMCZA015-13SA;MINERAÇÃO DE DADOS;Q2;DIURNO;SA;4;[['TERCA', '08:00 ÀS 10:00', 'SEMANAL '], ['QUINTA', '10:00 ÀS 12:00', 'SEMANAL ']];MIRTHA L. F. VENERO;DIURNO;18;Q2;SA;['ALGORITMOS E ESTRUTURAS DE DADOS I', 'LINGUAGENS FORMAIS E AUTOMATA'];['COMPILADORES', 'PROGRAMAÇÃO ORIENTADA A OBJETOS', 'PARADIGMAS DE PROGRAMAÇÃO', 'ANÁLISE DE ALGORITMOS'];['LÓGICA BÁSICA', 'ALGORITMOS E ESTRUTURAS DE DADOS II', 'PROGRAMAÇÃO ESTRUTURADA'];['LÓGICAS NÃO CLÁSSICAS', 'SEMÂNTICA DE LINGUAGEM DE PROGRAMAÇÃO']
G;DA1MCTA014-15SA;INTELIGÊNCIA ARTIFICIAL;Q3;DIURNO;SA;1;[['SEGUNDA', '10:00 ÀS 12:00', 'SEMANAL'], ['QUARTA', '08:00 ÀS 10:00', 'QUINZENAL II'], ['QUARTA', '08:00 ÀS 10:00', 'QUINZENAL I']];ANDRÉ LUIZ BRANDÃO;NEGOCIÁVEL;18;Q2;SA;['INTERAÇÃO HUMANO-COMPUTADOR', 'ENGENHARIA DE SOFTWARE', 'INTRODUÇÃO A PROGRAMAÇÃO DE JOGOS'];['PROGRAMAÇÃO ORIENTADA A OBJETOS', 'INTERAÇÃO HUMANO-COMPUTADOR'];['INTERAÇÃO HUMANO-COMPUTADOR', 'COMPUTAÇÃO GRÁFICA'];['']
G;NA1MCTA014-15SA;INTELIGÊNCIA ARTIFICIAL;Q3;NOTURNO;SA;1;[['SEGUNDA', '21:00 ÀS 23:00', 'SEMANAL'], ['QUARTA', '19:00 ÀS 21:00', 'QUINZENAL II'], ['QUARTA', '19:00 ÀS 21:00', 'QUINZENAL I']];DIOGO SANTANA MARTINS;NEGOCIÁVEL;18;Q2;SA;['ALGORITMOS E ESTRUTURAS DE DADOS I'];['PARADIGMAS DE PROGRAMAÇÃO', 'PROGRAMAÇÃO ORIENTADA A OBJETOS'];['ALGORITMOS E ESTRUTURAS DE DADOS II', 'PROGRAMAÇÃO ESTRUTURADA', 'BANCO DE DADOS'];['SISTEMAS MULTIMÍDIA', 'PROGRAMAÇÃO PARA WEB', 'WEB SEMÂNTICA', 'PROGRAMAÇÃO AVANÇADA PARA DISPOSITIVOS MÓVEIS', 'SISTEMAS DE GERENCIAMENTO DE BANCO DE DADOS', 'ANÁLISE DE PROJETO', 'INTERAÇÃO HUMANO-COMPUTADOR', 'BANCO DE DADOS DE APOIO À TOMADA DE DECISÃO', 'TÉCNICAS AVANÇADAS DE PROGRAMAÇÃO', 'SISTEMAS DE INFORMAÇÃO']
G;NAMCZA006-17SA;COMPUTAÇÃO EVOLUTIVA E CONEXIONISTA;Q2;NOTURNO;SA;4;[['TERCA', '19:00 ÀS 21:00', 'SEMANAL'], ['QUINTA', '21:00 ÀS 23:00', 'SEMANAL ']];CLÁUDIA JOSIMAR ABRÃO DE ARAÚJO;DIURNO;18;Q2;SA;['ENGENHARIA DE SOFTWARE', 'REDES DE COMPUTADORES'];['SISTEMAS DISTRIBUÍDOS'];['ARQUITETURA DE COMPUTADORES'];['']
G;NAMCZA047-14SA;SISTEMAS MULTI-ROBÔS SOCIAIS;Q3;NOTURNO;SA;4;[['TERCA', '19:00 ÀS 21:00', 'SEMANAL '], ['SEXTA', '21:00 ÀS 23:00', 'SEMANAL ']];FRANCISCO ZAMPIROLLI;NOTURNO;18;Q2;SA;['ALGORITMOS E ESTRUTURAS DE DADOS I', 'ENGENHARIA DE SOFTWARE'];['PROGRAMAÇÃO ORIENTADA A OBJETOS'];['PROGRAMAÇÃO ESTRUTURADA', 'ALGORITMOS E ESTRUTURAS DE DADOS II'];['PROCESSAMENTO DIGITAL DE IMAGENS', 'PROCESSAMENTO DE IMAGENS UTILIZANDO GPU', 'VISÃO COMPUTACIONAL']

