G;DANHT1058-14SB;Morfofisiologia Humana I;Q3;Diurno;SB;6
G;NA2BIN0406-15SA;Introdução à Probabilidade e à Estatística;Q2;Noturno;SA;3
G;NB2BIN0406-15SA;Introdução à Probabilidade e à Estatística;Q2;Noturno;SA;3
G;NA10BIS0005-15SA;Bases Computacionais da Ciência;Q2;Noturno;SA;2
G;DAMCTD005-13SA;Fundamentos de Álgebra;Q2;Diurno;SA;4
G;NABIN0406-15SA;Introdução à Probabilidade e à Estatística;Q3;Noturno;SA;3
G;NBBIN0406-15SA;Introdução à Probabilidade e à Estatística;Q3;Noturno;SA;3
G;DB2BCN0402-15SB;Funções de Uma Variável;Q3;Diurno;SB;4
G;;Estágio Supervisionado em Matemática - Ensino Fundamental I e II;Q3;Diurno;;2
G;;Estágio Supervisionado em Matemática - Ensino Fundamental I e II;Q3;Noturno;;2
PG;ENS104M173;Formação de professores de Ciências e Matemática: Tendências;Q3;;SA;4
G;DABCN0407-15SB;Funções de Várias Variáveis;Q1;Diurno;SB;4
G;DBBCN0407-15SB;Funções de Várias Variáveis;Q1;Diurno;SB;4
G;NABCN0405-15SB;Introdução às Equações Diferenciais Ordinárias;Q2;Noturno;SB;4
G;NBBCN0405-15SB;Introdução às Equações Diferenciais Ordinárias;Q2;Noturno;SB;4
G;NABCM0506-15SB;Comunicação e Redes;Q2;Noturno;SB;3
G;DABIS0005-15SB;Bases Computacionais da Ciência;Q2;Diurno;SB;2
G;NA2BIS0005-15SB;Bases Computacionais da Ciência;Q2;Noturno;SB;2
G;DB1BCM0504-15SA;Natureza da Informação;Q3;Diurno;SA;3
G;DAMCZA038-17SA;Prática Avançada de Programação A;Q3;Diurno;SA;4
G;NA7BCM0505-15SA;Processamento da Informação;Q1;Noturno;SA;1
G;NA8BCM0505-15SA;Processamento da Informação;Q1;Noturno;SA;1
G;NA9BCM0505-15SA;Processamento da Informação;Q1;Noturno;SA;3
G;DA2BIS0005-15SA;Bases Computacionais da Ciência;Q2;Diurno;SA;2
G;DB2BIS0005-15SA;Bases Computacionais da Ciência;Q2;Diurno;SA;2
G;NA1MCTA018-13SA;Programação Orientada a Objetos;Q2;Noturno;SA;2
G;NA2MCTA018-13SA;Programação Orientada a Objetos;Q2;Noturno;SA;2
G;NA2BCM0504-15SA;Natureza da Informação;Q3;Noturno;SA;3
G;DAMCTB025-13SA;Trabalho de Conclusão de Curso em Matemática I, II e III;Q1;Diurno;SA;2
G;NAMCTB001-17SB;Álgebra Linear;Q2;Noturno;SB;6
G;DAMCTB024-13SA;Trabalho de Conclusão de Curso em Matemática I, II e III;Q2;Diurno;SA;1
G;DAMCTB027-13SA;Trabalho de Conclusão de Curso em Matemática I, II e III;Q2;Diurno;SA;1
G;DAMCTB024-13SA;Trabalho de Conclusão de Curso em Matemática I, II e III;Q3;Diurno;SA;2
G;NAMCTB005-13SA;Análise Real I;Q2;Noturno;SA;4
G;NAMCTB026-17SA;Topologia;Q3;Noturno;SA;4
PG;;Geometria Analítica;Q3;;;4
PG;INF004D171;Estudo Dirigido;Q1;Noturno;SA;4
PG;INF304D171;Lógica e Sistemas Inteligentes;Q1;Noturno;SA;4
G;DB5BIS0005-15SA;Bases Computacionais da Ciência;Q2;Diurno;SA;2
G;DAMCTA016-13SA;Paradigmas de Programação;Q2;Diurno;SA;4
PG;BIS202D172;Modelagem Molecular;Q2;;SA;3
PG;INF004M172;Estudo Dirigido;Q2;;SA;4
PG;INF009D172;Projeto e Comunicação de Pesquisa em Engenharia da Informaçã;Q2;;SA;4
PG;INF004D173;Estudo Dirigido;Q3;;SA;2
G;DB2BCM0505-15SA;Processamento da Informação;Q1;Diurno;SA;2
G;DA1MCTA001-13SA;Algoritmos e Estruturas de Dados I;Q1;Diurno;SA;4
G;DA2MCTA001-13SA;Algoritmos e Estruturas de Dados I;Q1;Diurno;SA;4
G;DA1BCM0505-15SA;Processamento da Informação;Q2;Diurno;SA;1
G;DA2BCM0505-15SA;Processamento da Informação;Q2;Diurno;SA;3
G;DA3BCM0505-15SA;Processamento da Informação;Q2;Diurno;SA;1
G;NA2BCM0505-15SA;Processamento da Informação;Q2;Noturno;SA;2
G;NA5BIS0005-15SA;Bases Computacionais da Ciência;Q2;Noturno;SA;2
G;NB5BIS0005-15SA;Bases Computacionais da Ciência;Q2;Noturno;SA;2
G;DA3BCM0505-15SB;Processamento da Informação;Q1;Diurno;SB;1,5
G;DA4BCM0505-15SB;Processamento da Informação;Q1;Diurno;SB;3,5
G;DB2BCM0505-15SB;Processamento da Informação;Q1;Diurno;SB;2
G;;Coordenador de Estágio do BCC;Q1;Noturno;SA;2
G;;Coordenador de Estágio do BCC;Q3;;;2
PG;CCM209D173;Interação Humano-Computador;Q3;;SA;4
G;DAMCTB008-17SA;Cálculo de Probabilidade;Q2;Diurno;SA;4
G;DANHT3036-15SA;Mecânica Estatística;Q2;Diurno;SA;6
G;NABCN0405-15SB;Introdução às Equações Diferenciais Ordinárias;Q3;Noturno;SB;4
G;DAMCZB020-13SA;Introdução aos Sistemas Dinâmicos;Q3;Diurno;SA;4
G;NAMCTC001-15SB;Introdução à Filosofia da Mente;Q2;Noturno;SB;2
PG;NCG301D172;Filosofia da Mente e da Neurociência;Q2;;SB;2
PG;NCG003D173;Ciências Cognitivas;Q3;;SB;3
G;DAMCTB004-13SA;Análise no Rn I;Q1;Diurno;SA;4
G;DAMCTB005-13SA;Análise Real I;Q2;Diurno;SA;4
G;DAMCTB009-17SA;Cálculo Numérico;Q2;Diurno;SA;4
G;DBMCTB009-17SA;Cálculo Numérico;Q2;Diurno;SA;4
G;;Coordenador de Cálculo Numérico;Q2;;SA;1
G;NAMCZB005-17SA;Análise Numérica;Q3;Noturno;SA;4
G;DAMCTB009-17SB;Cálculo Numérico;Q3;Diurno;SB;4
G;DAMCTB001-13SB;Álgebra Linear;Q1;Diurno;SB;6
G;NA1BCN0405-15SB;Introdução às Equações Diferenciais Ordinárias;Q2;Noturno;SB;4
G;NAMCZB008-13SA;Formas Diferenciais;Q2;Noturno;SA;4
G;DABCN0405-15SB;Introdução às Equações Diferenciais Ordinárias;Q3;Diurno;SB;4
G;;Coord. De Introdução às Equações Diferenciais Ordinárias;Q3;Noturno;;1
G;DAMCTB009-13SB;Cálculo Numérico;Q1;Diurno;SB;4
G;NAMCTB009-13SB;Cálculo Numérico;Q1;Noturno;SB;4
G;NABIN0406-15SB;Introdução à Probabilidade e à Estatística;Q2;Noturno;SB;3
G;NBBIN0406-15SB;Introdução à Probabilidade e à Estatística;Q2;Noturno;SB;3
G;NAMCTB009-17SB;Cálculo Numérico;Q3;Noturno;SB;4
G;NB1BCM0506-15SA;Comunicação e Redes;Q2;Noturno;SA;3
G;DA1BIS0005-15SA;Bases Computacionais da Ciência;Q2;Diurno;SA;2
G;NB6BIS0005-15SA;Bases Computacionais da Ciência;Q2;Noturno;SA;2
G;DAMCTA027-17SA;Teoria dos Grafos;Q3;Diurno;SA;4
G;NA3BIS0003-15SA;Bases Matemáticas;Q2;Noturno;SA;4
G;NB3BIS0003-15SA;Bases Matemáticas;Q2;Noturno;SA;4
G;DAMCTB017-13SA;Geometria Diferencial II;Q2;Diurno;SA;4
G;;Coordenador de Bases Matemáticas;Q2;;;3
G;DB1BCN0402-15SA;Funções de Uma Variável;Q3;Diurno;SA;4
G;NB3BCN0402-15SA;Funções de Uma Variável;Q3;Noturno;SA;4
G;DSBCM0505-15SA;Processamento da Informação - EAD;Q1;Diurno;EAD;4
G;NA3BCM0505-15SA;Processamento da Informação;Q1;Noturno;SA;2
EX;;NTME - Novas Tecnologias e Metodologias para Educação;Q1;;SA;2
G;DA3BCM0505-15SA;Processamento da Informação;Q2;Diurno;SA;2
G;DSBCM0505-15SA;Processamento da Informação;Q2;Diurno;SA;5
EX;;NTME - Novas Tecnologias e Metodologias para Educação;Q2;;SA;2
G;DA1BCM0506-15SA;Comunicação e Redes;Q2;Diurno;SA;3
PG;INF103M172;Avaliação de Desempenho de Redes e Sistemas;Q2;;SA;4
PG;CCM002D173;Metodologia de Pesquisa em Ciência da Computação;Q3;;SA;2
G;NA2BCM0505-15SA;Processamento da Informação;Q1;Noturno;SA;2
G;NAMCZA002-13SA;Aprendizado de Máquina;Q1;Noturno;SA;4
PG;CCM304M171;Visão Computacional e Processamento de Imagens;Q1;Noturno;SA;4
G;DABIN0406-15SB;Introdução à Probabilidade e à Estatística;Q2;Diurno;SB;3
G;DBBIN0406-15SB;Introdução à Probabilidade e à Estatística;Q2;Diurno;SB;3
G;NA1MCZA015-13SA;Mineração de Dados;Q2;Noturno;SA;1
G;DABCN0404-15SA;Geometria Analítica;Q1;Diurno;SA;3
G;DA1BCN0407-15SA;Funções de Várias Variáveis;Q1;Diurno;SA;4
G;DB2BCN0407-15SA;Funções de Várias Variáveis;Q1;Diurno;SA;4
G;;Coordenadora de Geometria Analítica;Q1;Noturno;SA;1
G;DABIS0003-15SB;Bases Matemáticas;Q3;Diurno;SB;4
G;DBBIS0003-15SB;Bases Matemáticas;Q3;Diurno;SB;4
PG;FIS102M172;Mecânica Quântica II;Q2;;SA;4
G;NAMCTB001-17SA;Álgebra Linear;Q2;Noturno;SA;6
G;NA4BCN0404-15SA;Geometria Analítica;Q3;Noturno;SA;3
G;NAMCTB003-17SA;Álgebra Linear Avançada II;Q3;Noturno;SA;4
G;NA2BIS0005-15SB;Bases Computacionais da Ciência;Q1;Noturno;SB;2
G;NB2BIS0005-15SB;Bases Computacionais da Ciência;Q1;Noturno;SB;2
G;DAMCTA006-13SA;Circuitos Digitais;Q1;Diurno;SA;4
G;NA1MCTA026-13SA;Sistemas Operacionais;Q1;Noturno;SA;1
G;DA3BCM0506-15SA;Comunicação e Redes;Q2;Diurno;SA;3
G;DB1BCM0506-15SA;Comunicação e Redes;Q2;Diurno;SA;3
G;NB2BIS0005-15SB;Bases Computacionais da Ciência;Q2;Noturno;SB;2
G;DAMCTB002-13SA;Álgebra Linear Avançada I;Q2;Diurno;SA;4
G;NAMCTB002-13SA;Álgebra Linear Avançada I;Q2;Noturno;SA;4
G;DA1BCN0404-15SB;Geometria Analítica;Q3;Diurno;SB;3
G;DBBCN0404-15SB;Geometria Analítica;Q3;Diurno;SB;3
G;DAMCZC007-15SB;Ergonomia Cognitiva;Q1;Diurno;SB;1
G;NAMCZC007-15SB;Ergonomia Cognitiva;Q1;Noturno;SB;2
G;DAMCZC008-13SB;Neuroarte;Q1;Diurno;SB;2
G;NAMCZC008-13SB;Neuroarte;Q1;Noturno;SB;2
G;DAMCTC002-15SA;Introdução à Neurociência;Q3;Diurno;SA;4
G;NAMCTC002-15SB;Introdução à Neurociência;Q3;Noturno;SB;2
G;NAMCTC011-15SB;Psicologia Cognitiva;Q3;Noturno;SB;4
G;DSBCM0505-15SA;Processamento da Informação - EAD;Q1;Diurno;EAD;3
G;NA3MCTA022-13SA;Redes de Computadores;Q1;Noturno;SA;2,5
G;NA4MCTA022-13SA;Redes de Computadores;Q1;Noturno;SA;1,5
G;DSBCM0505-15SB;Processamento da Informação - EAD;Q2;Diurno;SB;5
G;DA1BIS0005-15SB;Bases Computacionais da Ciência;Q2;Diurno;SB;2
G;DB1BIS0005-15SB;Bases Computacionais da Ciência;Q2;Diurno;SB;2
G;DDBCS0002-15SB;Projeto Dirigido;Q1;Diurno;SB;2
G;DA1MCTC023-15SB;Neuroanatomia;Q1;Diurno;SB;1
G;NA1MCTC023-15SB;Neuroanatomia;Q1;Noturno;SB;1
PG;NCG001M171;Neurociência;Q1;Noturno;SB;3
G;DAMCTC001-15SB;Introdução à Filosofia da Mente;Q2;Diurno;SB;2
PG;NCG104M172;Desenvolvimento Neural e Cognitivo;Q2;;SB;2
PG;NCG301M172;Filosofia da Mente e da Neurociência;Q2;;SB;2
G;NAMCZC002-15SB;Bases Neurais da Motricidade;Q3;Noturno;SB;4
G;NA1BCM0505-15SA;Processamento da Informação;Q2;Noturno;SA;1,5
G;NA2BCM0505-15SA;Processamento da Informação;Q2;Noturno;SA;1,5
PG;CCM103M172;Otimização Combinatória;Q2;;SA;4
G;DAMCTA017-17SA;Programação Matemática;Q3;Diurno;SA;4
G;NA2BCN0402-15SA;Funções de Uma Variável;Q3;Noturno;SA;4
G;NB2BCN0402-15SA;Funções de Uma Variável;Q3;Noturno;SA;4
G;;Coordenador de Funções de Uma Variável;Q3;Noturno;;3
PG;MAT313D173;Seminários do Programa de Matemática III, IV e VI;Q3;;SA;2
G;DAMCTC002-15SB;Introdução à Neurociência;Q3;Diurno;SB;4
G;NAMCTC002-15SB;Introdução à Neurociência;Q3;Noturno;SB;2
G;DAMCTB010-13SA;Cálculo Vetorial e Tensorial;Q1;Diurno;SA;4
PG;;Recursos Computacionais no Ensino de Matemática;Q2;Noturno;SA;4
G;DAMCTB021-17SA;Probabilidade;Q3;Diurno;SA;4
G;DA10BIS0005-15SA;Bases Computacionais da Ciência;Q2;Diurno;SA;2
G;DB1BIS0005-15SA;Bases Computacionais da Ciência;Q2;Diurno;SA;2
G;DAMCTA003-17SA;Análise de Algoritmos;Q2;Diurno;SA;4
G;DSBCM0505-15SB;Processamento da Informação - EAD;Q3;Diurno;SB;3
G;DBMCTA028-15SA;Programação Estruturada;Q3;Diurno;SA;4
EX;;Programação em Python para Iniciantes;Q3;;SA;1
G;NA2BIS0005-15SA;Bases Computacionais da Ciência;Q2;Noturno;SA;2
G;NB2BIS0005-15SA;Bases Computacionais da Ciência;Q2;Noturno;SA;2
PG;CCM203M172;Mineração de Dados;Q2;;SA;4
G;;Coordenador de Natureza da Informação;Q3;Noturno;;3
G;DA7BCM0505-15SA;Processamento da Informação;Q1;Diurno;SA;2
G;NA3BIS0005-15SB;Bases Computacionais da Ciência;Q1;Noturno;SB;2
G;NB1BIS0005-15SB;Bases Computacionais da Ciência;Q1;Noturno;SB;2
PG;BTC208D171;Empreendedorismo, Gestão da Inovação e Propriedade Intelectual;Q1;Noturno;SA;0,75
PG;CCM105D171;Teoria dos Grafos;Q1;Noturno;SA;4
G;NA1BCM0505-15SB;Processamento da Informação;Q2;Noturno;SB;2
G;NA1MCTA016-13SA;Paradigmas de Programação;Q2;Noturno;SA;2
G;NAMCTA016-13SA;Paradigmas de Programação;Q2;Noturno;SA;2
G;NA1MCZA015-13SA;Mineração de Dados;Q2;Noturno;SA;3
G;NAMCZA015-13SA;Mineração de Dados;Q2;Noturno;SA;1
PG;CCM001D171;Análise de Algoritmos e Estrutura de Dados;Q1;Noturno;SA;4
G;DAMCTA023-13SA;Segurança de Dados;Q1;Diurno;SA;4
G;NAMCTA023-13SA;Segurança de Dados;Q1;Noturno;SA;4
G;DSBCM0505-15SB;Processamento da Informação - EAD;Q3;Diurno;SB;2
G;;Coordenadora de Processamento da Informação - EAD;Q3;Noturno;;2
G;NA1MCTA002-17SA;Algoritmos e Estruturas de Dados II;Q3;Noturno;SA;2
G;NAMCTA002-17SA;Algoritmos e Estruturas de Dados II;Q3;Noturno;SA;2
EX;;Software Livre (Curso especialização TSI);Q3;;;4,75
G;NB3BCM0505-15SA;Processamento da Informação;Q1;Noturno;SA;2
G;DAMCZA029-13SA;Sistemas Multimídia;Q1;Diurno;SA;4
G;NAMCZA031-13SA;Web Semântica;Q1;Noturno;SA;4
G;DA7BIS0005-15SA;Bases Computacionais da Ciência;Q2;Diurno;SA;2
G;DB7BIS0005-15SA;Bases Computacionais da Ciência;Q2;Diurno;SA;2
G;NA8BIS0005-15SA;Bases Computacionais da Ciência;Q2;Noturno;SA;2
G;NB8BIS0005-15SA;Bases Computacionais da Ciência;Q2;Noturno;SA;2
G;NBMCTB001-13SA;Álgebra Linear;Q1;Noturno;SA;6
G;;Coordenador de Álgebra Linear;Q1;Noturno;SA;1
G;NAMCTB001-17SA;Álgebra Linear;Q3;Noturno;SA;6
G;NBMCTB001-17SA;Álgebra Linear;Q3;Noturno;SA;6
G;NA2BCN0407-15SA;Funções de Várias Variáveis;Q1;Noturno;SA;4
G;NB2BCN0407-15SA;Funções de Várias Variáveis;Q1;Noturno;SA;4
G;DABCN0407-15SA;Funções de Várias Variáveis;Q2;Diurno;SA;4
G;DBBCN0407-15SA;Funções de Várias Variáveis;Q2;Diurno;SA;4
G;;Coordenador de Funções de Várias Variáveis;Q2;;SA;1
G;NA2BIS0003-15SA;Bases Matemáticas;Q3;Noturno;SA;4
G;NBBIS0003-15SA;Bases Matemáticas;Q3;Noturno;SA;4
G;DAMCZB029-13SA;Teoria Aritmética dos Números II;Q1;Diurno;SA;4
G;NA4BIN0406-15SA;Introdução à Probabilidade e à Estatística;Q2;Noturno;SA;3
G;NB3BIN0406-15SA;Introdução à Probabilidade e à Estatística;Q2;Noturno;SA;3
G;NAMCTB023-17SA;Teoria Aritmética dos Números;Q2;Noturno;SA;4
G;DAMCTB016-13SA;Geometria Diferencial I;Q1;Diurno;SA;4
G;DA2BIS0003-15SB;Bases Matemáticas;Q2;Diurno;SB;4
G;DCBIS0003-15SB;Bases Matemáticas;Q2;Diurno;SB;4
G;NA1BIS0003-15SB;Bases Matemáticas;Q3;Noturno;SB;4
G;NB1BIS0003-15SB;Bases Matemáticas;Q3;Noturno;SB;4
PG;BTC206D171;Biologia Molecular e Biotecnologia;Q1;Noturno;SA;2
G;DANHT1002-15SB;Bioética;Q1;Diurno;SB;2
G;NANHT1002-15SB;Bioética;Q1;Noturno;SB;2
G;DFBCS0001-15SA;Base Experimental das Ciências Naturais;Q2;Diurno;SA;3
G;NB4BCS0001-15SA;Base Experimental das Ciências Naturais;Q2;Noturno;SA;3
G;ND4BCS0001-15SA;Base Experimental das Ciências Naturais;Q2;Noturno;SA;3
G;NE1BCS0001-15SB;Base Experimental das Ciências Naturais;Q2;Noturno;SB;3
G;;Coordenadora de Base Experimental das Ciências Naturais;Q2;;SA;1
G;NAMCTB014-13SA;Extensões Algébricas;Q1;Noturno;SA;4
G;NA4BIS0003-15SA;Bases Matemáticas;Q2;Noturno;SA;4
G;NB4BIS0003-15SA;Bases Matemáticas;Q2;Noturno;SA;4
G;NA1BCN0402-15SA;Funções de Uma Variável;Q3;Noturno;SA;4
G;NB1BCN0402-15SA;Funções de Uma Variável;Q3;Noturno;SA;4
G;DA3BIN0406-15SA;Introdução à Probabilidade e à Estatística;Q2;Diurno;SA;3
G;DAMCTB020-17SA;Teoria da Medida e Integração;Q2;Diurno;SA;4
G;DDBIS0003-15SB;Bases Matemáticas;Q3;Diurno;SB;4
G;DAMCTD011-13SA;Práticas de Ensino de Matemática no Ensino Fundamental;Q1;Diurno;SA;4
G;;Estágio Supervisionado em Matemática - Ensino Médio;Q1;Noturno;SA;2
PG;ENS255M171;Tendências em Educação Matemática;Q1;Noturno;SA;4
G;DAMCTD010-13SA;História da Matemática;Q2;Diurno;SA;4
G;;Estágio Supervisionado em Matemática - Ensino Fundamental;Q2;;SA;2
G;;Estágio Supervisionado em Matemática - Ensino Médio;Q2;;SA;2
G;NAMCTB016-13SA;Geometria Diferencial I;Q1;Noturno;SA;4
G;DABCN0407-15SB;Funções de Várias Variáveis;Q2;Diurno;SB;4
G;NABCN0407-15SB;Funções de Várias Variáveis;Q2;Noturno;SB;4
G;NBBCN0407-15SB;Funções de Várias Variáveis;Q2;Noturno;SB;4
G;NAMCZB009-13SA;Geometria Não Euclidiana;Q3;Noturno;SA;4
G;DAMCZC013-15SB;Memória e Aprendizagem;Q1;Diurno;SB;3
G;DAMCTC021-15SB;Introdução à Neurociência Computacional;Q2;Diurno;SB;4
G;NAMCTC021-15SB;Introdução à Neurociência Computacional;Q2;Noturno;SB;4
G;NAMCTC024-15SB;Neuroetologia;Q3;Noturno;SB;4
G;DA9BCM0505-15SA;Processamento da Informação;Q1;Diurno;SA;2
G;DB1BCM0505-15SA;Processamento da Informação;Q1;Diurno;SA;3
G;DB2BCM0505-15SA;Processamento da Informação;Q1;Diurno;SA;1
G;DB3BCM0505-15SA;Processamento da Informação;Q1;Diurno;SA;1
G;DA2BCM0506-15SA;Comunicação e Redes;Q2;Diurno;SA;3
G;;Coordenador de Comunicação e Redes;Q2;;SA;2
PG;CCM-206D173;Inteligência na Web e Big Data;Q3;;SA;2
PG;CCM206M173;Inteligência na Web e Big Data;Q3;;SA;2
G;DA1MCTA028-15SA;Programação Estruturada;Q3;Diurno;SA;3
G;DA2MCTA028-15SA;Programação Estruturada;Q3;Diurno;SA;3
G;DAMCZB014-13SA;Introdução à Análise Funcional;Q1;Diurno;SA;4
G;NAMCZB014-13SA;Introdução à Análise Funcional;Q1;Noturno;SA;4
G;NAMCTB009-17SA;Cálculo Numérico;Q3;Noturno;SA;4
G;NBMCTB009-17SA;Cálculo Numérico;Q3;Noturno;SA;4
G;;Coordenador de Cálculo Numérico;Q3;Noturno;;1
G;DAMCTC019-15SB;Neurobiologia Molecular e Celular;Q1;Diurno;SB;4
G;NAMCTC019-15SB;Neurobiologia Molecular e Celular;Q1;Noturno;SB;2
PG;NCG001M171;Neurociência;Q1;Noturno;SB;3
PG;;Seminários em Neurociência e Cognição III;Q1;Noturno;SB;2
G;DAMCTC009-15SB;Progressos e Métodos em Neurociência;Q2;Diurno;SB;4
G;NAMCTC009-15SB;Progressos e Métodos em Neurociência;Q2;Noturno;SB;4
PG;NCG405M172;Seminários em Neurociência e Cognição IV;Q2;;SB;2
PG;NCG406D173;Seminários em Neurociência e Cognição V;Q3;;SB;2
G;NANHT1058-14SB;Morfofisiologia Humana I;Q3;Noturno;SB;6
G;DA2BCM0505-15SB;Processamento da Informação;Q1;Diurno;SB;2
G;NA3BCM0505-15SB;Processamento da Informação;Q1;Noturno;SB;2
G;NB1BCM0505-15SB;Processamento da Informação;Q1;Noturno;SB;2
EX;;Produção de Vídeos NTE;Q1;Noturno;SA;2
G;DABIS0005-15SA;Bases Computacionais da Ciência;Q3;Diurno;SA;2
G;NABIS0005-15SA;Bases Computacionais da Ciência;Q3;Noturno;SA;2
G;DAMCTA002-17SA;Algoritmos e Estruturas de Dados II;Q3;Diurno;SA;4
G;NA1MCTA002-17SA;Algoritmos e Estruturas de Dados II;Q3;Noturno;SA;2
PG;MAT297HM171;Tópicos em Matemática I - Uma Introdução à Teoria de Anéis e;Q1;Noturno;SA;4
PG;MAT214D173;Corpos Finitos;Q3;;SA;2
PG;MAT214M173;Corpos Finitos;Q3;;SA;2
G;DSBCM0505-15SA;Processamento da Informação - EAD;Q1;Diurno;EAD;4
G;NAMCTA010-15SA;Engenharia de Software;Q1;Noturno;SA;4
G;DSBCM0505-15SA;Processamento da Informação - EAD;Q2;Diurno;SA;4
G;NA7BCM0505-15SA;Processamento da Informação;Q1;Noturno;SA;2
G;NA1MCTA026-13SA;Sistemas Operacionais;Q1;Noturno;SA;1,5
G;NAMCTA026-13SA;Sistemas Operacionais;Q1;Noturno;SA;2,5
G;NAMCTA007-17SA;Compiladores;Q2;Noturno;SA;4
G;NA1MCTA025-13SA;Sistemas Distribuídos;Q2;Noturno;SA;3
G;NA2MCTA025-13SA;Sistemas Distribuídos;Q2;Noturno;SA;3
EX;;Modelagem de Dados e Aplicações;Q3;;SA;4,75
PG;CCM101M171;Computação Bioinspirada;Q1;Noturno;SA;4
G;NAMCTA006-13SA;Circuitos Digitais;Q1;Noturno;SA;4
G;DAMCZA030-13SA;Vida Artificial na Computação;Q1;Diurno;SA;2
G;NAMCZA030-13SA;Vida Artificial na Computação;Q1;Noturno;SA;2
G;DA1BCM0504-15SA;Natureza da Informação;Q3;Diurno;SA;3
G;NB2BCM0504-15SA;Natureza da Informação;Q3;Noturno;SA;3
G;DAMCTD013-13SA;Práticas de Ensino de Matemática III;Q1;Diurno;SA;3
PG;ENS190M172;Didática da Matemática;Q2;;SA;2
G;NAMCTD014-13SA;Práticas de Ensino de Matemática I;Q2;Noturno;SA;3
G;;Estágio Supervisionado em Matemática - Ensino Fundamental;Q2;;SA;2
G;DAMCTD010-13SA;História da Matemática;Q3;Diurno;SA;1,6
G;DAMCTB001-13SA;Álgebra Linear;Q1;Diurno;SA;6
G;DA1MCTB001-17SA;Álgebra Linear;Q2;Diurno;SA;6
G;DA2BCN0402-15SB;Funções de Uma Variável;Q3;Diurno;SB;4
G;NA1BCM0505-15SA;Processamento da Informação;Q1;Noturno;SA;3
G;NA2BCM0505-15SA;Processamento da Informação;Q1;Noturno;SA;1
G;NA3BCM0505-15SA;Processamento da Informação;Q1;Noturno;SA;1
G;NB4BCM0505-15SA;Processamento da Informação;Q1;Noturno;SA;1
G;NB5BCM0505-15SA;Processamento da Informação;Q1;Noturno;SA;1
G;NB6BCM0505-15SA;Processamento da Informação;Q1;Noturno;SA;1
G;NA1BCM0505-15SA;Processamento da Informação;Q2;Noturno;SA;2
G;NAMCTA003-17SA;Análise de Algoritmos;Q2;Noturno;SA;4
G;DSBCM0505-15SA;Processamento da Informação - EAD;Q3;Diurno;SA;4
G;NAMCTA017-17SA;Programação Matemática;Q3;Noturno;SA;4
G;NA1BCM0506-15SA;Comunicação e Redes;Q2;Noturno;SA;3
G;NB2BCM0506-15SA;Comunicação e Redes;Q2;Noturno;SA;3
G;DA9BIS0005-15SA;Bases Computacionais da Ciência;Q2;Diurno;SA;2
G;NAMCTA027-17SA;Teoria dos Grafos;Q3;Noturno;SA;4
G;DABCM0504-15SB;Natureza da Informação;Q1;Diurno;SB;3
G;NABCM0504-15SB;Natureza da Informação;Q1;Noturno;SB;3
G;NA2BCM0505-15SB;Processamento da Informação;Q1;Noturno;SB;2
G;DAMCTA004-17SA;Arquitetura de Computadores;Q3;Diurno;SA;4
G;NAMCTA004-17SA;Arquitetura de Computadores;Q3;Noturno;SA;4
G;DA1MCTA022-13SA;Redes de Computadores;Q1;Diurno;SA;4
G;DAMCTA026-13SA;Sistemas Operacionais;Q1;Diurno;SA;4
G;;Coordenador de Redes de Computadores;Q1;Noturno;SA;1
PG;INF107D171;Redes Ópticas;Q1;;SA;2
PG;INF102M172;Tecnologias de Redes de Computadores;Q2;;SA;4
G;DAMCTA025-13SA;Sistemas Distribuídos;Q2;Diurno;SA;4
G;;Coordenador de Bases Computacionais da Ciência;Q1;Noturno;SA;2
G;DA4BIS0005-15SA;Bases Computacionais da Ciência;Q2;Diurno;SA;2
G;DB4BIS0005-15SA;Bases Computacionais da Ciência;Q2;Diurno;SA;2
G;NA7BIS0005-15SA;Bases Computacionais da Ciência;Q2;Noturno;SA;2
G;NB7BIS0005-15SA;Bases Computacionais da Ciência;Q2;Noturno;SA;2
G;;Coordenador de Bases Computacionais da Ciência;Q2;;SA;3
G;NA1MCTA008-17SA;Computação Gráfica;Q3;Noturno;SA;4
G;NA1BCN0402-15SA;Funções de Uma Variável;Q1;Noturno;SA;4
G;DA1BIN0406-15SA;Introdução à Probabilidade e à Estatística;Q2;Diurno;SA;3
G;DB1BIN0406-15SA;Introdução à Probabilidade e à Estatística;Q2;Diurno;SA;3
G;NA2BCN0402-15SB;Funções de Uma Variável;Q3;Noturno;SB;4
G;NB2BCN0402-15SB;Funções de Uma Variável;Q3;Noturno;SB;4
PG;MAT121M171;Análise no Rn;Q1;;SA;6
G;DA4BCN0407-15SA;Funções de Várias Variáveis;Q1;Diurno;SA;4
G;DB4BCN0407-15SA;Funções de Várias Variáveis;Q1;Diurno;SA;4
G;NA4BCN0407-15SA;Funções de Várias Variáveis;Q1;Noturno;SA;4
G;NBMCTB001-17SA;Álgebra Linear;Q2;Noturno;SA;6
G;NAMCTB007-17SA;Anéis e Corpos;Q2;Noturno;SA;4
G;DA3BCN0407-15SA;Funções de Várias Variáveis;Q1;Diurno;SA;4
G;DB3BCN0407-15SA;Funções de Várias Variáveis;Q1;Diurno;SA;4
G;DA2BIS0003-15SA;Bases Matemáticas;Q2;Diurno;SA;4
G;DB2BIS0003-15SA;Bases Matemáticas;Q2;Diurno;SA;4
G;DB3BCM0505-15SA;Processamento da Informação;Q1;Diurno;SA;2
G;DSBCM0505-15SB;Processamento da Informação - EAD;Q1;Diurno;EAD;3
G;;Coordenadora de Processamento da Informação;Q1;Noturno;SA;3
G;DA1BCM0505-15SA;Processamento da Informação;Q2;Diurno;SA;2
G;DSBCM0505-15SA;Processamento da Informação - EAD;Q2;Diurno;;2
G;DSBCM0505-15SB;Processamento da Informação - EAD;Q2;Diurno;;2
G;;Coordenadora de Processamento da Informação;Q2;;SA;1
G;;Coordenadora de Processamento da Informação;Q3;Noturno;;2
G;DABCN0405-15SA;Introdução às Equações Diferenciais Ordinárias;Q3;Diurno;SA;4
G;DBBCN0405-15SA;Introdução às Equações Diferenciais Ordinárias;Q3;Diurno;SA;4
G;NABCN0405-15SA;Introdução às Equações Diferenciais Ordinárias;Q3;Noturno;SA;4
G;NBBCN0405-15SA;Introdução às Equações Diferenciais Ordinárias;Q3;Noturno;SA;4
G;DAMCTB019-13SA;Matemática Discreta;Q1;Diurno;SA;4
G;NAMCTB019-13SA;Matemática Discreta;Q1;Noturno;SA;4
G;NANHI2049-13SA;Lógica Básica;Q3;Noturno;SA;4
PG;;Aritmética;Q3;;SA;4
G;DAMCTB022-13SA;Sequências e Séries;Q1;Diurno;SA;4
G;NA2BIS0003-15SA;Bases Matemáticas;Q2;Noturno;SA;4
G;NB2BIS0003-15SA;Bases Matemáticas;Q2;Noturno;SA;4
G;NAMCTB011-17SA;Equações Diferenciais Ordinárias;Q3;Noturno;SA;4
G;DAMCTA015-13SA;Linguagens Formais e Automata;Q1;Diurno;SA;4
G;NAMCTA015-13SA;Linguagens Formais e Automata;Q1;Noturno;SA;4
G;DAMCTB001-17SA;Álgebra Linear;Q2;Diurno;SA;6
G;DAMCTB023-17SA;Teoria Aritmética dos Números;Q2;Diurno;SA;4
G;DA7BCM0505-15SA;Processamento da Informação;Q1;Diurno;SA;1
G;DA8BCM0505-15SA;Processamento da Informação;Q1;Diurno;SA;1
G;DA9BCM0505-15SA;Processamento da Informação;Q1;Diurno;SA;1
G;DB4BCM0505-15SA;Processamento da Informação;Q1;Diurno;SA;1
G;DB5BCM0505-15SA;Processamento da Informação;Q1;Diurno;SA;1
G;DB6BCM0505-15SA;Processamento da Informação;Q1;Diurno;SA;1
G;NA1MCTA001-13SA;Algoritmos e Estruturas de Dados I;Q1;Noturno;SA;4
G;NA2MCTA001-13SA;Algoritmos e Estruturas de Dados I;Q1;Noturno;SA;4
PG;CCM002D173;Metodologia de Pesquisa em Ciência da Computação;Q3;;SA;1
PG;CCM002M173;Metodologia de Pesquisa em Ciência da Computação;Q3;;SA;1
G;NA1MCTA028-15SA;Programação Estruturada;Q3;Noturno;SA;3
G;NA2MCTA028-15SA;Programação Estruturada;Q3;Noturno;SA;3
G;;Coordenador de Programação Estruturada;Q3;Noturno;;1
G;DABIS0003-15SB;Bases Matemáticas;Q1;Diurno;SB;4
G;NAMCTB001-13SB;Álgebra Linear;Q1;Noturno;SB;6
G;DCBIS0003-15SB;Bases Matemáticas;Q3;Diurno;SB;4
G;NA2BIS0003-15SB;Bases Matemáticas;Q3;Noturno;SB;4
G;DAMCZB025-13SA;Módulos;Q3;Diurno;SA;4
G;DA8BCM0505-15SA;Processamento da Informação;Q1;Diurno;SA;2
G;NA8BCM0505-15SA;Processamento da Informação;Q1;Noturno;SA;2
G;NB6BCM0505-15SA;Processamento da Informação;Q1;Noturno;SA;2
G;DAMCTA008-17SA;Computação Gráfica;Q3;Diurno;SA;4
G;NAMCTA008-17SA;Computação Gráfica;Q3;Noturno;SA;4
G;DAMCTC014-13SB;Introdução à Inferência Estatística;Q1;Diurno;SB;4
G;;Coordenador de Estágio do BNC;Q1;Noturno;SB;2
G;;Coordenador de Estágio do BNC;Q2;;SB;2
G;DAMCTC022-15SB;Processamento de Sinais Neurais;Q3;Diurno;SB;4
G;NAMCTC022-15SB;Processamento de Sinais Neurais;Q3;Noturno;SB;4
G;;Coordenador de Estágio do BNC;Q3;Noturno;;2
G;DA3BCM0505-15SA;Processamento da Informação;Q1;Diurno;SA;2
G;DB5BCM0505-15SA;Processamento da Informação;Q1;Diurno;SA;2
G;NB5BCM0505-15SA;Processamento da Informação;Q1;Noturno;SA;2
G;DA1MCTA024-13SA;Sistemas Digitais;Q2;Diurno;SA;4
G;DA2MCTA024-13SA;Sistemas Digitais;Q2;Diurno;SA;2
G;NA1MCTA024-13SA;Sistemas Digitais;Q2;Noturno;SA;4
G;NA2MCTA024-13SA;Sistemas Digitais;Q2;Noturno;SA;2
G;NA1BCM0504-15SA;Natureza da Informação;Q3;Noturno;SA;3
G;NB1BCM0504-15SA;Natureza da Informação;Q3;Noturno;SA;3
EX;;NTME - Novas Tecnologias e Metodologias para Educação;Q3;;SA;2
G;NA1BCN0407-15SB;Funções de Várias Variáveis;Q2;Noturno;SB;4
PG;MAT312M172;Seminários do Programa de Matemática II;Q2;;SA;1
PG;MAT315D172;Seminários do Programa de Matemática V;Q2;;SA;1
G;DA1BCN0404-15SA;Geometria Analítica;Q3;Diurno;SA;3
G;DB1BCN0404-15SA;Geometria Analítica;Q3;Diurno;SA;3
PG;MAT221D173;Equações Diferenciais Parciais;Q3;;SA;2
PG;MAT221M173;Equações Diferenciais Parciais;Q3;;SA;2
G;DB1BCN0407-15SA;Funções de Várias Variáveis;Q1;Diurno;SA;4
G;DAMCTB009-17SA;Cálculo Numérico;Q3;Diurno;SA;4
G;DBMCTB009-17SA;Cálculo Numérico;Q3;Diurno;SA;4
G;NA2BCS0002-15SA;Projeto Dirigido;Q1;Noturno;SA;2
G;NB1BCS0002-15SA;Projeto Dirigido;Q1;Noturno;SA;2
PG;ENE309D171;Inteligência Artificial;Q1;;SA;0,6
G;NB1BCS0002-15SA;Projeto Dirigido;Q3;Noturno;SA;2
G;DABIS0005-15SB;Bases Computacionais da Ciência;Q3;Diurno;SB;2
G;NABIS0005-15SB;Bases Computacionais da Ciência;Q3;Noturno;SB;2
PG;INV003M173;Design de Negócios;Q3;;SA;2
G;DAMCTC011-15SA;Psicologia Cognitiva;Q1;Diurno;SA;3
G;NAMCZC007-15SB;Ergonomia Cognitiva;Q1;Noturno;SB;2
G;NA1BCS0002-15SA;Projeto Dirigido;Q2;Noturno;SA;2
G;NB1BCS0002-15SA;Projeto Dirigido;Q2;Noturno;SA;2
G;NAMCTC020-15SB;Psicologia Experimental;Q2;Noturno;SB;4
EX;;Curso de Férias: Neurociência e Cognição;Q2;;SB;2
G;NAMCZC012-15SB;Sensação e Percepção;Q3;Noturno;SB;4
PG;NCG003D173;Ciências Cognitivas;Q3;;SB;1
PG;NCG003M173;Ciências Cognitivas;Q3;;SB;1
EX;;Neurociência e Educação - Desmistificando o Cérebro;Q3;;;1
G;DCBIN0406-15SB;Introdução à Probabilidade e à Estatística;Q2;Diurno;SB;3
G;DDBIN0406-15SB;Introdução à Probabilidade e à Estatística;Q2;Diurno;SB;3
G;NCBIN0406-15SB;Introdução à Probabilidade e à Estatística;Q2;Noturno;SB;3
G;DAESZA009-13SA;Redes de Barramento de Campo;Q1;Diurno;SA;3
PG;MEC505M171;Capacitação para Tutoria em Educação a Distância (EaD);Q1;;EAD;4
G;DABCM0506-15SB;Comunicação e Redes;Q2;Diurno;SB;3
G;DAESZA009-17SA;Redes de Barramento de Campo;Q2;Diurno;SA;3
PG;MEC505M172;Capacitação para Tutoria em Educação a Distância (EaD);Q2;;SA;4
G;DAMCTB014-13SA;Extensões Algébricas;Q1;Diurno;SA;4
G;NA2BCN0405-15SA;Introdução às Equações Diferenciais Ordinárias;Q2;Noturno;SA;4
G;NB2BCN0405-15SA;Introdução às Equações Diferenciais Ordinárias;Q2;Noturno;SA;4
PG;MAT114M172;Representação de Grupo Finitos;Q2;;SA;4
PG;MAT213M173;Álgebras de Lie;Q3;;SA;4
G;DA6BIS0005-15SA;Bases Computacionais da Ciência;Q2;Diurno;SA;2
G;DB6BIS0005-15SA;Bases Computacionais da Ciência;Q2;Diurno;SA;2
G;NA1BIS0005-15SB;Bases Computacionais da Ciência;Q2;Noturno;SB;2
G;NB1BIS0005-15SB;Bases Computacionais da Ciência;Q2;Noturno;SB;2
PG;CCM003D172;Seminários em Computação;Q2;;SA;2
G;DSBCM0505-15SA;Processamento da Informação - EAD;Q3;Diurno;SA;3
G;NA3MCTA028-15SA;Programação Estruturada;Q3;Noturno;SA;4
G;NA4MCTA028-15SA;Programação Estruturada;Q3;Noturno;SA;4
G;NA1BCM0505-15SB;Processamento da Informação;Q2;Noturno;SB;3
G;DA8BIS0005-15SA;Bases Computacionais da Ciência;Q2;Diurno;SA;2
G;DB8BIS0005-15SA;Bases Computacionais da Ciência;Q2;Diurno;SA;2
G;NA4BIS0005-15SB;Bases Computacionais da Ciência;Q2;Noturno;SB;2
G;NA1MCTA037-17SA;Banco de Dados;Q3;Noturno;SA;1
G;DAMCZA010-13SA;Laboratório de Engenharia de Software;Q3;Diurno;SA;4
G;NABCS0002-15SB;Projeto Dirigido;Q1;Noturno;SB;2
G;DAMCTC019-15SB;Neurobiologia Molecular e Celular;Q1;Diurno;SB;2
G;NAMCTC019-15SB;Neurobiologia Molecular e Celular;Q1;Noturno;SB;4
G;DAMCZC001-15SB;Patologias do Sistema Nervoso Central;Q2;Diurno;SB;4
G;NAMCZC001-15SB;Patologias do Sistema Nervoso Central;Q2;Noturno;SB;4
EX;;Neurociência e Educação - Desmistificando o Cérebro;Q3;;;1
G;DA1BIS0005-15SB;Bases Computacionais da Ciência;Q1;Diurno;SB;2
G;DB1BIS0005-15SB;Bases Computacionais da Ciência;Q1;Diurno;SB;2
PG;NCG002D172;Métodos Quantitativos em Neurociência;Q2;;SB;3
PG;NCG003D171;Ciências Cognitivas;Q1;;SB;3
PG;NCG002M172;Métodos Quantitativos em Neurociência;Q2;;SB;3
G;NAMCTD007-13SA;Fundamentos de Geometria;Q1;Noturno;SA;4
G;NAMCTD009-13SA;Geometria Plana e Construções Geométricas;Q1;Noturno;SA;4
G;;Estágio Supervisionado em Matemática - Ensino Fundamental;Q1;Noturno;SA;2
EX;;O Ensino de Álgebra para a Educação Básica;Q1;;SA;2
G;DAMCTD012-13SA;Práticas de Ensino de Matemática II;Q3;Diurno;SA;3
G;DANHT5013-15SA;Práticas de Ensino de Ciências e Matemática no Ensino Fundamental;Q3;Diurno;SA;2
G;;Estágio Supervisionado em Matemática - Ensino Médio I, II e III;Q3;Noturno;;2
G;;Estágio Supervisionado em Matemática - Ensino Médio I, II e III;Q3;Noturno;;2
PG;MAT161M172;Geometria Diferencial;Q2;;SA;4
G;NAMCTB017-13SA;Geometria Diferencial II;Q2;Noturno;SA;4
G;NAMCTD005-13SA;Fundamentos de Álgebra;Q2;Noturno;SA;4
G;;Estágio Supervisionado em Matemática - Ensino Médio;Q2;;SA;2
G;DSBIS0003-15SA;Bases Matemáticas;Q3;Diurno;SA;4
G;;Coordenador de Bases Matemáticas;Q3;Noturno;;2
PG;MAT266D173;Variedades Diferenciáveis;Q3;;SA;2
PG;MAT266M173;Variedades Diferenciáveis;Q3;;SA;2
PG;;Geometria;Q3;;SA;4
G;DA1BCM0505-15SB;Processamento da Informação;Q1;Diurno;SB;2
G;NA5BCM0505-15SA;Processamento da Informação;Q1;Noturno;SA;2
G;NA5BCM0505-15SA;Processamento da Informação;Q1;Noturno;SA;2
G;;Coordenador de Projeto de Graduação em Computação - PGC;Q1;Noturno;SA;2
G;NA1MCTA016-13SA;Paradigmas de Programação;Q2;Noturno;SA;2
G;DAMCZA005-17SA;Banco de Dados de Apoio à Tomada de Decisão;Q2;Diurno;SA;4
G;;Coordenador de Projeto de Graduação em Computação - PGC;Q2;;SA;2
G;;Coordenador de Projeto de Graduação em Computação - PGC;Q3;Noturno;;2
G;DSBCM0505-15SB;Processamento da Informação - EAD;Q1;Diurno;EAD;2
G;DS1BCM0505-15SB;Processamento da Informação - EAD;Q1;Diurno;EAD;2
G;DA3BIS0005-15SB;Bases Computacionais da Ciência;Q1;Diurno;SB;2
G;DB3BIS0005-15SB;Bases Computacionais da Ciência;Q1;Diurno;SB;2
G;NA1BIS0005-15SB;Bases Computacionais da Ciência;Q1;Noturno;SB;2
G;DSBCM0505-15SA;Processamento da Informação - EAD;Q3;Diurno;SA;4
G;NAMCZA028-13SA;Sistemas Multiagentes;Q3;Noturno;SA;4
PG;MAT311M171;Seminários do Programa de Matemática I;Q1;;SA;1
PG;MAT314D171;Seminários do Programa de Matermática IV;Q1;;SA;1
G;DAMCTB018-13SA;Grupos;Q1;Diurno;SA;4
G;NAMCTB018-13SA;Grupos;Q1;Noturno;SA;4
PG;MAT215M172;Tópicos em Álgebra I;Q2;;SA;4
G;DAMCTB007-17SA;Anéis e Corpos;Q2;Diurno;SA;4
G;DAMCZC013-15SB;Memória e Aprendizagem;Q1;Diurno;SB;1
PG;NCG102M171;Memória e Aprendizagem;Q1;;SB;2
PG;NCG104D172;Desenvolvimento Neural e Cognitivo;Q2;;SB;2
EX;;Curso de Férias: Neurociência e Cognição;Q2;;SB;1
EX;;Projeto Ativamente UFABC;Q3;;;2
G;NABCN0404-15SA;Geometria Analítica;Q1;Noturno;SA;3
G;NBBCN0404-15SA;Geometria Analítica;Q1;Noturno;SA;3
G;DA3BIS0003-15SA;Bases Matemáticas;Q2;Diurno;SA;4
G;DB3BIS0003-15SA;Bases Matemáticas;Q2;Diurno;SA;4
G;NA1BCN0404-15SA;Geometria Analítica;Q3;Noturno;SA;3
G;DAMCTB026-17SA;Topologia;Q3;Diurno;SA;4
G;DABCN0402-15SA;Funções de Uma Variável;Q1;Diurno;SA;4
G;DAMCTB009-13SA;Cálculo Numérico;Q1;Diurno;SA;4
G;DBMCTB009-13SA;Cálculo Numérico;Q1;Diurno;SA;4
G;;Coordenador de Cálculo Numérico;Q1;Noturno;SA;1
G;DA3BCN0404-15SA;Geometria Analítica;Q3;Diurno;SA;3
G;DB3BCN0404-15SA;Geometria Analítica;Q3;Diurno;SA;3
G;DA3BCM0505-15SB;Processamento da Informação;Q1;Diurno;SB;2
G;NA1BCM0505-15SB;Processamento da Informação;Q1;Noturno;SB;2
G;DABIS0005-15SA;Bases Computacionais da Ciência;Q1;Diurno;SA;2
G;NABIS0005-15SA;Bases Computacionais da Ciência;Q1;Noturno;SA;2
G;NA9BIS0005-15SA;Bases Computacionais da Ciência;Q2;Noturno;SA;2
G;DAMCTA007-17SA;Compiladores;Q2;Diurno;SA;4
G;NA1MCTA007-17SA;Compiladores;Q2;Noturno;SA;4
G;NAMCTB015-13SA;Funções de Variáveis Complexas;Q1;Noturno;SA;6
G;NA1MCTB001-17SA;Álgebra Linear;Q3;Noturno;SA;6
G;NB1MCTB001-17SA;Álgebra Linear;Q3;Noturno;SA;6
PG;;Fundamentos de Cálculo;Q2;;SA;4
G;NA3BCN0405-15SA;Introdução às Equações Diferenciais Ordinárias;Q2;Noturno;SA;4
G;NB3BCN0405-15SA;Introdução às Equações Diferenciais Ordinárias;Q2;Noturno;SA;4
G;;Coordenador de Introdução às Equações Diferenciais Ordinárias;Q2;;;3
PG;FIS404M172;Relatividade Geral;Q2;;SA;4
G;DZBIS0003-15;Bases Matemáticas;Q3;Diurno;15;4
G;DABCM0504-15SA;Natureza da Informação;Q1;Diurno;SA;3
G;NABCM0504-15SA;Natureza da Informação;Q1;Noturno;SA;3
G;NA1BCM0505-15SA;Processamento da Informação;Q1;Noturno;SA;2
G;DA2BCM0504-15SA;Natureza da Informação;Q3;Diurno;SA;3
G;DB2BCM0504-15SA;Natureza da Informação;Q3;Diurno;SA;3
G;DSBCM0505-15SA;Processamento da Informação - EAD;Q3;Diurno;SA;2
PG;CCM104D173;Teoria da Computação;Q3;;SA;2
PG;CCM104M173;Teoria da Computação;Q3;;SA;2
EX;;Programação em Python para Iniciantes;Q3;;SA;1
G;DB6BCM0505-15SA;Processamento da Informação;Q1;Diurno;SA;2
G;NA4BCM0505-15SA;Processamento da Informação;Q1;Noturno;SA;3
G;NA5BCM0505-15SA;Processamento da Informação;Q1;Noturno;SA;1
G;NA6BCM0505-15SA;Processamento da Informação;Q1;Noturno;SA;1
G;DA1MCTA018-13SA;Programação Orientada a Objetos;Q2;Diurno;SA;2
G;DA2MCTA018-13SA;Programação Orientada a Objetos;Q2;Diurno;SA;2
G;NA3MCTA018-13SA;Programação Orientada a Objetos;Q2;Noturno;SA;2
G;NA4MCTA018-13SA;Programação Orientada a Objetos;Q2;Noturno;SA;2
G;DA1BCN0407-15SB;Funções de Várias Variáveis;Q1;Diurno;SB;4
G;DB1BCN0407-15SB;Funções de Várias Variáveis;Q1;Diurno;SB;4
G;DA2BCN0404-15SB;Geometria Analítica;Q3;Diurno;SB;3
G;NA1BCN0404-15SB;Geometria Analítica;Q3;Noturno;SB;3
G;NBBCN0404-15SB;Geometria Analítica;Q3;Noturno;SB;3
G;DA2BCN0407-15SA;Funções de Várias Variáveis;Q1;Diurno;SA;4
G;DA1BCN0405-15SA;Introdução às Equações Diferenciais Ordinárias;Q2;Diurno;SA;4
G;DA1BCN0402-15SA;Funções de Uma Variável;Q3;Diurno;SA;4
G;DABCM0506-15SB;Comunicação e Redes;Q1;Diurno;SB;3
G;NABCM0506-15SB;Comunicação e Redes;Q1;Noturno;SB;3
G;DA1BCM0504-15SB;Natureza da Informação;Q3;Diurno;SB;3
G;DBBCM0504-15SB;Natureza da Informação;Q3;Diurno;SB;3
G;NA1BCM0504-15SB;Natureza da Informação;Q3;Noturno;SB;3
G;NBBCM0504-15SB;Natureza da Informação;Q3;Noturno;SB;3
G;NAMCTB001-13SA;Álgebra Linear;Q1;Noturno;SA;6
G;NAMCZB021-13SA;Introdução às Curvas Algébricas;Q1;Noturno;SA;4
G;NAMCTB001-17SB;Álgebra Linear;Q3;Noturno;SB;6
G;NABCN0407-15SB;Funções de Várias Variáveis;Q1;Noturno;SB;4
G;NBBCN0407-15SB;Funções de Várias Variáveis;Q1;Noturno;SB;4
PG;;Análise Reta;Q1;;SA;4
G;NA4BCN0402-15SA;Funções de Uma Variável;Q3;Noturno;SA;4
G;DABIS0003-15SA;Bases Matemáticas;Q3;Diurno;SA;4
G;DBMCTB001-13SA;Álgebra Linear;Q1;Diurno;SA;6
G;DAMCTB001-17SA;Álgebra Linear;Q3;Diurno;SA;6
G;DBMCTB001-17SA;Álgebra Linear;Q3;Diurno;SA;6
G;;Coordenador de Álgebra Linear;Q3;Noturno;;1
G;DA2BIS0005-15SB;Bases Computacionais da Ciência;Q1;Diurno;SB;2
G;DB2BIS0005-15SB;Bases Computacionais da Ciência;Q1;Diurno;SB;2
G;DAESZI013-13SA;Informática Industrial;Q1;Diurno;SA;4
G;DA4BIS0005-15SB;Bases Computacionais da Ciência;Q2;Diurno;SB;2
G;NA3BIS0005-15SB;Bases Computacionais da Ciência;Q2;Noturno;SB;2
G;NB3BIS0005-15SB;Bases Computacionais da Ciência;Q2;Noturno;SB;2
G;NAMCTB009-13SA;Cálculo Numérico;Q1;Noturno;SA;4
G;NBMCTB009-13SA;Cálculo Numérico;Q1;Noturno;SA;4
G;NAMCTB009-17SA;Cálculo Numérico;Q2;Noturno;SA;4
G;NBMCTB009-17SA;Cálculo Numérico;Q2;Noturno;SA;4
G;DAMCZC016-15SB;Neurociência da Cognição Musical;Q2;Diurno;SB;2
G;NAMCZC016-15SB;Neurociência da Cognição Musical;Q2;Noturno;SB;2
EX;;Projeto Ativamente UFABC;Q3;;;2
G;NA3BCS0002-15SA;Projeto Dirigido;Q2;Noturno;SA;2
G;NB2BCS0002-15SA;Projeto Dirigido;Q2;Noturno;SA;2
G;NA3BCN0407-15SA;Funções de Várias Variáveis;Q1;Noturno;SA;4
G;NB3BCN0407-15SA;Funções de Várias Variáveis;Q1;Noturno;SA;4
G;;Coordenador de Funções de Várias Variáveis;Q1;Noturno;SA;3
G;NA3BCN0404-15SA;Geometria Analítica;Q3;Noturno;SA;3
G;NB3BCN0404-15SA;Geometria Analítica;Q3;Noturno;SA;3
G;DAMCZC007-15SB;Ergonomia Cognitiva;Q1;Diurno;SB;3
G;DAMCTC020-15SB;Psicologia Experimental;Q2;Diurno;SB;6
G;DAMCZC012-15SB;Sensação e Percepção;Q3;Diurno;SB;4
G;DANHZ5020-15SA;Educação inclusiva;Q3;Diurno;SA;2
G;DANHZ5020-15SB;Educação inclusiva;Q3;Diurno;SB;2
G;NANHZ5020-15SA;Educação inclusiva;Q3;Noturno;SA;2
G;NANHZ5020-15SB;Educação inclusiva;Q3;Noturno;SB;2
G;DA3BCN0405-15SA;Introdução às Equações Diferenciais Ordinárias;Q2;Diurno;SA;4
G;DB3BCN0405-15SA;Introdução às Equações Diferenciais Ordinárias;Q2;Diurno;SA;4
G;NAMCTB021-17SA;Probabilidade;Q3;Noturno;SA;4
PG;;Equações Algébricas e Polinômios;Q3;Noturno;;4
G;NA1BCN0407-15SA;Funções de Várias Variáveis;Q1;Noturno;SA;4
G;NB1BCN0407-15SA;Funções de Várias Variáveis;Q1;Noturno;SA;4
G;DAMCTB011-17SA;Equações Diferenciais Ordinárias;Q3;Diurno;SA;4
G;DANHZ3002-15SA;Dinâmica Não Linear e Caos;Q3;Diurno;SA;4
G;DA1BCM0505-15SB;Processamento da Informação;Q2;Diurno;SB;3
G;DB9BIS0005-15SA;Bases Computacionais da Ciência;Q2;Diurno;SA;2
G;NA6BIS0005-15SA;Bases Computacionais da Ciência;Q2;Noturno;SA;2
G;NB9BIS0005-15SA;Bases Computacionais da Ciência;Q2;Noturno;SA;2
G;NAMCZA016-15SA;Gestão de projetos de software;Q3;Noturno;SA;4
G;DAMCZA019-17SA;Programação para Web;Q3;Diurno;SA;4
G;DAMCZA020-13SA;Programação Paralela;Q1;Diurno;SA;4
G;DA3BIS0005-15SB;Bases Computacionais da Ciência;Q2;Diurno;SB;2
G;DB3BIS0005-15SB;Bases Computacionais da Ciência;Q2;Diurno;SB;2
PG;CCM303D172;Programação Paralela e Concorrente;Q2;;SA;4
G;NAMCZC013-15SB;Memória e Aprendizagem;Q1;Noturno;SB;4
G;DAMCTC018-15SB;Neuropsicofarmacologia;Q2;Diurno;SB;4
G;NAMCTC018-15SB;Neuropsicofarmacologia;Q2;Noturno;SB;4
G;DAMCTC024-15SB;Neuroetologia;Q3;Diurno;SB;4
G;DAMCTD006-13SA;Fundamentos de Análise;Q1;Diurno;SA;4
G;NAMCTD006-13SA;Fundamentos de Análise;Q1;Noturno;SA;4
G;NAMCTD011-13SA;Práticas de Ensino de Matemática no Ensino Fundamental;Q1;Noturno;SA;4
G;NAMCTD012-13SA;Práticas de Ensino de Matemática II;Q3;Noturno;SA;3
G;NAMCTD015-13SA;Tendências em Educação Matemática;Q3;Noturno;SA;4
G;DABCN0405-15SB;Introdução às Equações Diferenciais Ordinárias;Q2;Diurno;SB;4
G;DBBCN0405-15SB;Introdução às Equações Diferenciais Ordinárias;Q2;Diurno;SB;4
G;DA2BCN0404-15SA;Geometria Analítica;Q3;Diurno;SA;3
G;DB2BCN0404-15SA;Geometria Analítica;Q3;Diurno;SA;3
G;DAMCTB015-13SA;Funções de Variáveis Complexas;Q1;Diurno;SA;6
G;DA2BIN0406-15SA;Introdução à Probabilidade e à Estatística;Q2;Diurno;SA;3
G;DB2BIN0406-15SA;Introdução à Probabilidade e à Estatística;Q2;Diurno;SA;3
G;DA3BCN0402-15SA;Funções de Uma Variável;Q3;Diurno;SA;4
G;DB3BCN0402-15SA;Funções de Uma Variável;Q3;Diurno;SA;4
G;NAMCTB004-13SA;Análise no Rn I;Q1;Noturno;SA;4
G;DA1BIS0003-15SA;Bases Matemáticas;Q2;Diurno;SA;4
G;DB1BIS0003-15SA;Bases Matemáticas;Q2;Diurno;SA;4
G;NAMCTB006-13SA;Análise Real II;Q3;Noturno;SA;4
G;DAMCZB030-13SA;Teoria Axiomática dos Conjuntos;Q1;Diurno;SA;4
G;NA1BIS0003-15SA;Bases Matemáticas;Q2;Noturno;SA;4
G;NB1BIS0003-15SA;Bases Matemáticas;Q2;Noturno;SA;4
PG;MAT160M172;Topologia Geral;Q2;;SA;4
G;DA6BCM0505-15SA;Processamento da Informação;Q1;Diurno;SA;2
G;DB4BCM0505-15SA;Processamento da Informação;Q1;Diurno;SA;2
G;NA6BCM0505-15SA;Processamento da Informação;Q1;Noturno;SA;2
G;NB4BCM0505-15SA;Processamento da Informação;Q1;Noturno;SA;2
EX;;Internet e Tecnologias Web;Q1;;SA;4,75
G;DAMCTA010-15SA;Engenharia de Software;Q1;Diurno;SA;4
G;DB2BCM0506-15SA;Comunicação e Redes;Q2;Diurno;SA;3
G;NA3BCM0506-15SA;Comunicação e Redes;Q2;Noturno;SA;3
G;DAMCTA037-17SA;Banco de Dados;Q3;Diurno;SA;4
G;NA1MCTA037-17SA;Banco de Dados;Q3;Noturno;SA;2
G;NAMCTA037-17SA;Banco de Dados;Q3;Noturno;SA;2
PG;MAT112M171;Álgebra Linear e Multilinear;Q1;;SA;4
G;DA1MCTB010-13SA;Cálculo Vetorial e Tensorial;Q1;Diurno;SA;4
G;DAMCTB003-17SA;Álgebra Linear Avançada II;Q3;Diurno;SA;4
G;DANHZ3019-15SA;Fundamentos da Mecânica dos Fluidos;Q3;Diurno;SA;4
G;NA1BIS0005-15SA;Bases Computacionais da Ciência;Q2;Noturno;SA;2
G;NB1BIS0005-15SA;Bases Computacionais da Ciência;Q2;Noturno;SA;2
PG;CCM007M172;Fundamentos de Matemática para a Computação;Q2;;SA;4
G;DA1MCTA014-15SA;Inteligência Artificial;Q3;Diurno;SA;2
G;DAMCTA014-15SA;Inteligência Artificial;Q3;Diurno;SA;2
G;NA1MCTA014-15SA;Inteligência Artificial;Q3;Noturno;SA;2
G;NAMCTA014-15SA;Inteligência Artificial;Q3;Noturno;SA;2
G;;Estágio Supervisionado em Matemática - Ensino Fundamental;Q1;Noturno;SA;2
G;DANHI5002-15SA;Didática;Q2;Diurno;SA;4
G;;Coordenadora de Projeto Dirigido;Q2;;SA;2
G;;Coordenadora de Projeto Dirigido;Q3;Noturno;;1
G;NABIN0406-15SB;Introdução à Probabilidade e à Estatística;Q3;Noturno;SB;3
G;NBBIN0406-15SB;Introdução à Probabilidade e à Estatística;Q3;Noturno;SB;3
G;DA2BCN0402-15SA;Funções de Uma Variável;Q3;Diurno;SA;4
G;DB2BCN0402-15SA;Funções de Uma Variável;Q3;Diurno;SA;4
PG;CHS001M702;Métodos e Planejamento de Pesquisa;Q2;;SA;2
G;DANHZ5019-15SA;Tecnologias da Informação e Comunicação na Educação;Q2;Diurno;SA;3
G;NANHZ5019-15SA;Tecnologias da Informação e Comunicação na Educação;Q2;Noturno;SA;3
G;DANHT5004-15SA;Educação Científica, Sociedade e Cultura;Q3;Diurno;SA;4
EX;;Antártica ou Antartida??;Q3;;SA;4
G;NA2BCN0404-15SB;Geometria Analítica;Q3;Noturno;SB;3
G;;Coordenador de Geometria Analítica;Q3;Noturno;;3
G;NAMCTB012-13SA;Equações Diferenciais Parciais;Q1;Noturno;SA;4
G;DA4BIS0003-15SA;Bases Matemáticas;Q2;Diurno;SA;4
G;NA2BIS0003-15SB;Bases Matemáticas;Q2;Noturno;SB;4
G;NBBIS0003-15SB;Bases Matemáticas;Q2;Noturno;SB;4
G;DA1MCTC023-15SB;Neuroanatomia;Q1;Diurno;SB;1,5
G;DAMCTC023-15SB;Neuroanatomia;Q1;Diurno;SB;2,5
G;NA1MCTC023-15SB;Neuroanatomia;Q1;Noturno;SB;1,5
G;NAMCTC023-15SB;Neuroanatomia;Q1;Noturno;SB;2,5
G;DAMCTC007-15SB;Pesquisa e Comunicação Científica;Q2;Diurno;SB;2
G;NAMCTC007-15SB;Pesquisa e Comunicação Científica;Q2;Noturno;SB;2
G;NAMCTC020-15SB;Psicologia Experimental;Q2;Noturno;SB;2
G;DAMCZC002-15SB;Bases Neurais da Motricidade;Q3;Diurno;SB;4
EX;;Neurociência e Educação - Desmistificando o Cérebro;Q3;;;1
G;DABCN0404-15SB;Geometria Analítica;Q1;Diurno;SB;3
G;DAMCTB009-17SB;Cálculo Numérico;Q2;Diurno;SB;4
G;NAMCTB009-17SB;Cálculo Numérico;Q2;Noturno;SB;4
G;NA1BCN0402-15SB;Funções de Uma Variável;Q3;Noturno;SB;4
G;NB1BCN0402-15SB;Funções de Uma Variável;Q3;Noturno;SB;4
G;DA1BCM0505-15SB;Processamento da Informação;Q2;Diurno;SB;2
G;DAMCTA009-13SA;Computadores, Ética e Sociedade;Q2;Diurno;SA;2
G;NAMCTA009-13SA;Computadores, Ética e Sociedade;Q2;Noturno;SA;2
G;DAMCZA015-13SA;Mineração de Dados;Q2;Diurno;SA;4
G;DA2BCM0504-15SB;Natureza da Informação;Q3;Diurno;SB;3
G;DA1MCTA014-15SA;Inteligência Artificial;Q3;Diurno;SA;1
G;NA1MCTA014-15SA;Inteligência Artificial;Q3;Noturno;SA;1
G;NABCN0404-15SB;Geometria Analítica;Q1;Noturno;SB;3
G;NBBCN0404-15SB;Geometria Analítica;Q1;Noturno;SB;3
G;NA3BIN0406-15SA;Introdução à Probabilidade e à Estatística;Q2;Noturno;SA;3
G;NAMCTB020-17SA;Teoria da Medida e Integração;Q2;Noturno;SA;4
G;DAMCTB006-13SA;Análise Real II;Q3;Diurno;SA;4
G;NAMCTC014-13SB;Introdução à Inferência Estatística;Q1;Noturno;SB;4
G;NAMCZB028-13SA;Processos Estocásticos;Q1;Noturno;SA;4
G;NAMCTB008-17SA;Cálculo de Probabilidade;Q2;Noturno;SA;4
PG;;Matemática Discreta;Q2;;SA;4
G;DABIN0406-15SB;Introdução à Probabilidade e à Estatística;Q3;Diurno;SB;3
G;DBBIN0406-15SB;Introdução à Probabilidade e à Estatística;Q3;Diurno;SB;3
G;DABCM0506-15SA;Comunicação e Redes;Q1;Diurno;SA;3
G;NABCM0506-15SA;Comunicação e Redes;Q1;Noturno;SA;3
G;NA2BCM0506-15SA;Comunicação e Redes;Q2;Noturno;SA;3
G;NA4BIS0005-15SA;Bases Computacionais da Ciência;Q2;Noturno;SA;2
G;NAMCZA006-17SA;Computação Evolutiva e Conexionista;Q2;Noturno;SA;4
G;NA2BCM0504-15SB;Natureza da Informação;Q3;Noturno;SB;3
G;NA3BCM0505-15SB;Processamento da Informação;Q1;Noturno;SB;3
G;NB1BCM0505-15SB;Processamento da Informação;Q1;Noturno;SB;3
EX;;Computação Móvel;Q2;;;4,75
PG;MAT220D171;Análise Funcional;Q1;;SA;4
G;DA2BCN0405-15SA;Introdução às Equações Diferenciais Ordinárias;Q2;Diurno;SA;4
G;DB2BCN0405-15SA;Introdução às Equações Diferenciais Ordinárias;Q2;Diurno;SA;4
G;DAMCTB013-13SA;Evolução dos Conceitos Matemáticos;Q3;Diurno;SA;4
G;DAMCTD007-13SA;Fundamentos de Geometria;Q1;Diurno;SA;4
G;DAMCTD009-13SA;Geometria Plana e Construções Geométricas;Q1;Diurno;SA;4
G;;Estágio Supervisonado em Matemática - Ensino Médio;Q1;Noturno;SA;2
EX;;O Ensino de Álgebra para a Educação Básica;Q1;;SA;1
PG;ENS190M172;Didática da Matemática;Q2;;SA;2
G;DAMCTD014-13SA;Práticas de Ensino de Matemática I;Q2;Diurno;SA;3
G;DAMCTD015-13SA;Tendências em Educação Matemática;Q2;Diurno;SA;4
G;NA1NHI5002-15SA;Didática;Q2;Noturno;SA;4
G;NAMCTD010-13SA;História da Matemática;Q1;Noturno;SA;4
G;DAMCTD010-13SA;História da Matemática;Q3;Diurno;SA;0,67
G;NAMCTB013-13SA;Evolução dos Conceitos Matemáticos;Q3;Noturno;SA;0,67
G;NAMCTD013-13SA;Práticas de Ensino de Matemática III;Q1;Noturno;SA;3
G;NBNHI5001-15SA;Desenvolvimento e Aprendizagem;Q1;Noturno;SA;4
G;;Coordenadora de Desenvolvimento e Aprendizagem;Q1;Noturno;SA;1
G;NAMCTB013-13SA;Evolução dos Conceitos Matemáticos;Q3;Noturno;SA;1,6
G;DANHI5011-13SA;Políticas Educacionais;Q3;Diurno;SA;3
G;NANHI5011-13SA;Políticas Educacionais;Q3;Noturno;SA;3
G;;Coordenadora de Políticas Educacionais;Q3;Noturno;;1
G;NAMCTB022-13SA;Sequências e Séries;Q1;Noturno;SA;4
G;NA1BIN0406-15SA;Introdução à Probabilidade e à Estatística;Q2;Noturno;SA;3
G;NB1BIN0406-15SA;Introdução à Probabilidade e à Estatística;Q2;Noturno;SA;3
G;;Coordenador de Introdução à Probabilidade e à Estatística;Q2;;;3
G;DABIN0406-15SA;Introdução à Probabilidade e à Estatística;Q3;Diurno;SA;3
G;;Coordenador de Introdução à Probabilidade e à Estatística;Q3;Noturno;;1
G;DABCN0402-15SB;Funções de Uma Variável;Q1;Diurno;SB;4
G;NABCN0402-15SB;Funções de Uma Variável;Q1;Noturno;SB;4
G;NBBCN0402-15SB;Funções de Uma Variável;Q1;Noturno;SB;4
G;DB1BCN0405-15SA;Introdução às Equações Diferenciais Ordinárias;Q2;Diurno;SA;4
G;NA1BCN0405-15SA;Introdução às Equações Diferenciais Ordinárias;Q2;Noturno;SA;4
G;NB1BCN0405-15SA;Introdução às Equações Diferenciais Ordinárias;Q2;Noturno;SA;4
G;DA1BCM0505-15SB;Processamento da Informação;Q1;Diurno;SB;1,5
G;DA2BCM0505-15SB;Processamento da Informação;Q1;Diurno;SB;1,5
G;DB1BCM0505-15SB;Processamento da Informação;Q1;Diurno;SB;1,5
G;DB2BCM0505-15SB;Processamento da Informação;Q1;Diurno;SB;1,5
G;NA1BCM0505-15SB;Processamento da Informação;Q1;Noturno;SB;1,5
G;NA2BCM0505-15SB;Processamento da Informação;Q1;Noturno;SB;1,5
G;DA2BIS0005-15SB;Bases Computacionais da Ciência;Q2;Diurno;SB;2
G;DB2BIS0005-15SB;Bases Computacionais da Ciência;Q2;Diurno;SB;2
G;NAMCZA047-14SA;Sistemas Multi-Robôs Sociais;Q3;Noturno;SA;4
G;DAMCTB012-13SA;Equações Diferenciais Parciais;Q1;Diurno;SA;4
G;DA1BIS0003-15SB;Bases Matemáticas;Q2;Diurno;SB;4
G;DBBIS0003-15SB;Bases Matemáticas;Q2;Diurno;SB;4
G;DA1BCN0402-15SB;Funções de Uma Variável;Q3;Diurno;SB;4
G;DB1BCN0402-15SB;Funções de Uma Variável;Q3;Diurno;SB;4
G;DAMCTC011-15SA;Psicologia Cognitiva;Q1;Diurno;SA;1
PG;NCG003D171;Ciências Cognitivas;Q1;;SB;3
G;DAMCTC011-15SB;Psicologia Cognitiva;Q3;Diurno;SB;4
PG;NCG003D173;Ciências Cognitivas;Q3;;SB;0,5
PG;NCG003M173;Ciências Cognitivas;Q3;;SB;0,5
G;NABCN0402-15SA;Funções de Uma Variável;Q1;Noturno;SA;4
G;NBBCN0402-15SA;Funções de Uma Variável;Q1;Noturno;SA;4
G;;Coordenadora de Funções de Uma Variável;Q1;Noturno;SA;1
PG;MAT211D171;Álgebra I;Q1;;SA;4
G;NA2BCN0404-15SA;Geometria Analítica;Q3;Noturno;SA;3
G;NB2BCN0404-15SA;Geometria Analítica;Q3;Noturno;SA;3
